season,match_week,match_date,month,day,weekday,referee,home_team,away_team,stadium,attendance,h_position,a_position,goals_h,goals_a,possession_h,possession_a,shots_on_target_h,shots_on_target_a,shots_h,shots_a,touches_h,touches_a,passes_h,passes_a,tackles_h,tackles_a,clearances_h,clearances_a,corners_h,corners_a,offsides_h,offsides_a,yellow_cards_h,yellow_cards_a,red_cards_h,red_cards_a,fouls_conceded_h,fouls_conceded_a,formation_h,formation_a,result_h,result_a,points_h,points_a,total_n_matches_played_h,total_n_matches_played_a,total_max_points_h,total_max_points_a,total_points_h_cum,total_points_a_cum,total_points_dropped_h,total_points_dropped_a,total_goals_scored_h,total_goals_scored_a,total_goals_conceded_h,total_goals_conceded_a,total_avg_possession_h,total_avg_possession_a,total_avg_possession_last_3_h,total_avg_possession_last_3_a,total_avg_possession_last_5_h,total_avg_possession_last_5_a,total_avg_shots_on_target_h,total_avg_shots_on_target_a,total_avg_shots_on_target_last_3_h,total_avg_shots_on_target_last_3_a,total_avg_shots_on_target_last_5_h,total_avg_shots_on_target_last_5_a,total_avg_shots_h,total_avg_shots_a,total_avg_shots_last_3_h,total_avg_shots_last_3_a,total_avg_shots_last_5_h,total_avg_shots_last_5_a,total_avg_touches_h,total_avg_touches_a,total_avg_touches_last_3_h,total_avg_touches_last_3_a,total_avg_touches_last_5_h,total_avg_touches_last_5_a,total_avg_passes_h,total_avg_passes_a,total_avg_passes_last_3_h,total_avg_passes_last_3_a,total_avg_passes_last_5_h,total_avg_passes_last_5_a,total_avg_tackles_h,total_avg_tackles_a,total_avg_tackles_last_3_h,total_avg_tackles_last_3_a,total_avg_tackles_last_5_h,total_avg_tackles_last_5_a,total_avg_clearances_h,total_avg_clearances_a,total_avg_clearances_last_3_h,total_avg_clearances_last_3_a,total_avg_clearances_last_5_h,total_avg_clearances_last_5_a,total_avg_corners_h,total_avg_corners_a,total_avg_corners_last_3_h,total_avg_corners_last_3_a,total_avg_corners_last_5_h,total_avg_corners_last_5_a,total_avg_offsides_h,total_avg_offsides_a,total_avg_offsides_last_3_h,total_avg_offsides_last_3_a,total_avg_offsides_last_5_h,total_avg_offsides_last_5_a,total_avg_yellow_cards_h,total_avg_yellow_cards_a,total_avg_yellow_cards_last_3_h,total_avg_yellow_cards_last_3_a,total_avg_yellow_cards_last_5_h,total_avg_yellow_cards_last_5_a,total_avg_fouls_conceded_h,total_avg_fouls_conceded_a,total_avg_fouls_conceded_last_3_h,total_avg_fouls_conceded_last_3_a,total_avg_fouls_conceded_last_5_h,total_avg_fouls_conceded_last_5_a,n_matches_played_h,n_matches_played_a,max_points_h,max_points_a,points_h_cum,points_a_cum,points_dropped_h,points_dropped_a,goals_scored_h_cum,goals_scored_a_cum,goals_conceded_h_cum,goals_conceded_a_cum,avg_possession_h,avg_possession_a,avg_possession_last_3_h,avg_possession_last_3_a,avg_possession_last_5_h,avg_possession_last_5_a,avg_shots_on_target_h,avg_shots_on_target_a,avg_shots_on_target_last_3_h,avg_shots_on_target_last_3_a,avg_shots_on_target_last_5_h,avg_shots_on_target_last_5_a,avg_shots_h,avg_shots_a,avg_shots_last_3_h,avg_shots_last_3_a,avg_shots_last_5_h,avg_shots_last_5_a,avg_touches_h,avg_touches_a,avg_touches_last_3_h,avg_touches_last_3_a,avg_touches_last_5_h,avg_touches_last_5_a,avg_passes_h,avg_passes_a,avg_passes_last_3_h,avg_passes_last_3_a,avg_passes_last_5_h,avg_passes_last_5_a,avg_tackles_h,avg_tackles_a,avg_tackles_last_3_h,avg_tackles_last_3_a,avg_tackles_last_5_h,avg_tackles_last_5_a,avg_clearances_h,avg_clearances_a,avg_clearances_last_3_h,avg_clearances_last_3_a,avg_clearances_last_5_h,avg_clearances_last_5_a,avg_corners_h,avg_corners_a,avg_corners_last_3_h,avg_corners_last_3_a,avg_corners_last_5_h,avg_corners_last_5_a,avg_offsides_h,avg_offsides_a,avg_offsides_last_3_h,avg_offsides_last_3_a,avg_offsides_last_5_h,avg_offsides_last_5_a,avg_yellow_cards_h,avg_yellow_cards_a,avg_yellow_cards_last_3_h,avg_yellow_cards_last_3_a,avg_yellow_cards_last_5_h,avg_yellow_cards_last_5_a,avg_fouls_conceded_h,avg_fouls_conceded_a,avg_fouls_conceded_last_3_h,avg_fouls_conceded_last_3_a,avg_fouls_conceded_last_5_h,avg_fouls_conceded_last_5_a,is_boxing_day,finished_top_4_last_season_h,finished_top_4_last_season_a,won_carabao_cup_last_season_h,won_carabao_cup_last_season_a,won_fa_cup_last_season_h,won_fa_cup_last_season_a,won_epl_last_season_h,won_epl_last_season_a,was_in_ucl_last_season_h,was_in_ucl_last_season_a,was_in_uel_last_season_h,was_in_uel_last_season_a,is_in_ucl_this_season_h,is_in_ucl_this_season_a,is_in_uel_this_season_h,is_in_uel_this_season_a,traditional_top_6_h,traditional_top_6_a,newly_promoted_h,newly_promoted_a,total_goal_difference_h,total_goal_difference_a,goal_difference_h,goal_difference_a,positive_total_goal_difference_h,positive_total_goal_difference_a,positive_goal_difference_h,positive_goal_difference_a,is_derby,derby_name,ground_truth,home_win,draw,away_win,link
2022/23,9,2022-10-03,10,3,1,Robert Jones,Leicester,Nott'm Forest,King Power Stadium,32202.0,20,19,4,0,51.6,48.4,7,3,17,10,662,622,492,464,11,14,17,15,6,6,3,4,2,4,0,0,13,12,4-1-4-1,4-2-3-1,win,defeat,3,0,7,7,21,21,1,4,20,17,10,6,22,17,54.2,43.9,52.2,39.5,54.7,45.1,3.7,2.7,4.3,2.3,3.8,2.6,11.1,11.3,11.7,10.0,11.6,12.2,715.9,568.6,728.0,537.3,730.4,595.8,542.1,388.0,554.3,374.0,548.6,426.8,15.3,15.9,16.7,12.3,16.4,16.0,16.6,22.1,18.0,21.0,17.6,18.0,3.3,3.1,1.0,2.3,3.2,3.0,1.0,1.4,1.0,1.7,0.8,1.4,1.6,2.9,1.3,1.7,1.6,2.6,8.1,10.7,8.0,10.3,8.4,10.2,3,3,9,9,1,1,8,8,3,1,5,9,57.1,38.5,57.1,38.5,50.0,50.0,2.7,2.0,2.7,2.0,0.0,0.0,10.0,9.0,10.0,9.0,0.0,0.0,762.3,508.0,762.3,508.0,0.0,0.0,577.0,333.0,577.0,333.0,0.0,0.0,16.3,17.0,16.3,17.0,0.0,0.0,16.0,26.7,16.0,26.7,0.0,0.0,2.7,1.3,2.7,1.3,0.0,0.0,0.0,1.0,0.0,1.0,0.0,0.0,1.7,2.0,1.7,2.0,0.0,0.0,8.0,10.0,8.0,10.0,0.0,0.0,0,0,0,0,0,0,0,0,0,0,0,1,0,0,0,0,0,0,0,0,0,-12,-11,-2,-8,0,0,0,0,0,No Derby,1,1,0,0,https://www.premierleague.com/match/74996
2022/23,9,2022-10-02,10,2,7,Michael Oliver,Man City,Man Utd,Etihad Stadium,,2,5,6,3,53.9,46.1,10,8,22,12,703,603,551,476,14,14,9,10,5,1,1,0,0,3,0,0,3,9,4-3-3,4-2-3-1,win,defeat,3,0,7,6,21,18,17,12,4,6,23,8,6,8,70.2,49.4,68.8,45.8,69.9,46.7,6.3,4.7,6.7,4.7,7.0,4.6,16.9,12.5,15.3,10.0,17.0,11.6,876.0,609.5,871.7,582.7,865.0,585.0,725.3,428.8,723.3,409.0,709.6,405.0,11.4,15.7,15.0,15.3,13.2,16.4,7.9,22.7,8.0,23.3,8.0,25.2,6.7,3.7,7.0,2.7,6.4,3.2,1.7,2.3,2.0,2.3,1.8,2.2,0.7,3.3,0.3,3.0,0.8,3.2,8.3,12.5,8.0,14.0,9.0,13.6,3,3,9,9,9,6,0,3,14,2,2,4,72.0,54.8,72.0,54.8,50.0,50.0,7.0,4.0,7.0,4.0,0.0,0.0,18.0,11.7,18.0,11.7,0.0,0.0,893.3,658.3,893.3,658.3,0.0,0.0,750.3,480.7,750.3,480.7,0.0,0.0,11.0,13.7,11.0,13.7,0.0,0.0,4.3,22.7,4.3,22.7,0.0,0.0,9.0,2.7,9.0,2.7,0.0,0.0,2.0,1.7,2.0,1.7,0.0,0.0,0.3,3.3,0.3,3.3,0.0,0.0,10.7,14.7,10.7,14.7,0.0,0.0,0,1,0,0,0,0,0,1,0,1,1,0,0,1,0,0,1,1,1,0,0,17,0,12,-2,1,0,1,0,1,Manchester,1,1,0,0,https://www.premierleague.com/match/74998
2022/23,9,2022-10-02,10,2,7,Stuart Attwell,Leeds,Aston Villa,Elland Road,36582.0,11,14,0,0,43.8,56.2,1,7,6,19,553,663,375,479,12,16,23,7,2,9,0,2,3,2,1,0,23,12,4-2-3-1,4-3-3,draw,draw,1,1,6,7,18,21,8,7,10,14,10,6,10,10,55.3,50.2,65.1,40.5,58.3,45.7,4.7,3.0,4.3,2.3,4.8,3.0,13.0,9.6,13.7,6.0,13.2,8.0,662.7,634.1,750.0,529.7,685.0,594.4,455.7,451.0,535.7,353.0,475.8,413.8,24.2,19.1,23.7,22.0,24.8,21.8,16.2,15.0,13.7,20.0,15.0,16.2,5.7,3.6,6.3,3.3,5.6,3.0,1.0,2.3,1.3,2.3,1.2,2.0,2.2,2.6,2.7,2.7,2.2,2.2,12.3,11.9,11.0,11.3,12.2,11.6,3,3,9,9,7,0,2,9,6,2,2,7,49.4,52.0,49.4,52.0,50.0,50.0,5.0,3.3,5.0,3.3,0.0,0.0,12.7,10.7,12.7,10.7,0.0,0.0,654.3,635.3,654.3,635.3,0.0,0.0,439.0,450.3,439.0,450.3,0.0,0.0,24.0,17.3,24.0,17.3,0.0,0.0,16.0,13.3,16.0,13.3,0.0,0.0,6.7,3.3,6.7,3.3,0.0,0.0,1.0,2.0,1.0,2.0,0.0,0.0,1.7,2.3,1.7,2.3,0.0,0.0,13.0,14.7,13.0,14.7,0.0,0.0,0,0,0,0,0,0,0,0,0,0,0,0,0,0,0,0,0,0,0,0,0,0,-4,4,-5,0,0,1,0,0,No Derby,0,0,1,0,https://www.premierleague.com/match/74995
2022/23,9,2022-10-01,10,1,6,Anthony Taylor,Arsenal,Spurs,Emirates Stadium,60278.0,1,3,3,1,64.7,35.3,9,3,22,7,750,468,565,307,14,16,15,26,5,2,1,3,2,1,0,1,10,10,4-2-3-1,3-4-2-1,win,defeat,3,0,7,7,21,21,18,17,3,4,17,18,7,7,58.2,49.4,61.1,52.4,62.7,50.4,6.0,6.9,6.3,8.0,6.6,7.0,16.6,15.4,17.0,17.0,17.4,16.0,703.1,670.4,694.3,696.3,729.8,680.6,519.4,486.6,520.3,526.0,547.2,502.4,14.6,17.1,12.0,13.3,13.0,14.2,13.6,19.1,11.7,14.0,12.0,16.8,6.0,6.3,6.0,6.7,6.2,5.8,1.4,1.7,0.7,1.3,1.2,1.8,1.9,2.1,2.3,3.0,2.0,2.4,10.1,10.1,9.7,9.3,9.0,10.2,3,3,9,9,9,5,0,4,8,5,4,3,60.3,47.6,60.3,47.6,50.0,50.0,8.0,5.0,8.0,5.0,0.0,0.0,21.0,13.3,21.0,13.3,0.0,0.0,704.3,663.0,704.3,663.0,0.0,0.0,520.3,474.3,520.3,474.3,0.0,0.0,11.0,15.0,11.0,15.0,0.0,0.0,8.7,24.7,8.7,24.7,0.0,0.0,8.3,3.3,8.3,3.3,0.0,0.0,1.3,1.3,1.3,1.3,0.0,0.0,1.7,2.0,1.7,2.0,0.0,0.0,10.3,10.7,10.3,10.7,0.0,0.0,0,0,1,0,0,0,0,0,0,0,0,0,0,0,1,1,0,1,1,0,0,10,11,4,2,1,1,1,1,1,North London,1,1,0,0,https://www.premierleague.com/match/74991
2022/23,9,2022-10-01,10,1,6,Thomas Bramall,Bournemouth,Brentford,Vitality Stadium,10126.0,12,9,0,0,42.0,58.0,1,4,7,13,540,703,375,530,14,20,20,19,7,8,1,2,1,2,0,0,11,10,4-4-2,4-3-3,draw,draw,1,1,7,7,21,21,8,9,13,12,6,15,19,12,35.6,44.3,36.3,39.4,36.3,46.5,2.1,4.7,2.7,4.3,2.2,4.6,6.3,11.7,7.7,9.3,6.8,12.2,512.6,557.6,531.0,526.7,524.8,575.6,339.3,380.6,335.7,340.3,344.2,390.4,18.0,14.6,18.0,19.7,19.2,17.0,25.0,13.1,30.3,14.0,23.8,12.6,2.7,5.1,3.0,3.7,2.6,4.4,0.7,1.7,0.7,1.3,0.6,2.2,2.0,1.4,1.7,1.3,1.6,1.6,11.0,7.4,11.0,8.7,10.0,8.2,3,3,9,9,4,2,5,7,2,5,3,6,36.8,50.7,36.8,50.7,50.0,50.0,2.0,3.7,2.0,3.7,0.0,0.0,6.0,10.0,6.0,10.0,0.0,0.0,532.0,620.0,532.0,620.0,0.0,0.0,344.0,452.0,344.0,452.0,0.0,0.0,22.0,12.3,22.0,12.3,0.0,0.0,24.7,10.0,24.7,10.0,0.0,0.0,3.3,5.0,3.3,5.0,0.0,0.0,0.7,2.3,0.7,2.3,0.0,0.0,2.3,2.0,2.3,2.0,0.0,0.0,14.0,6.7,14.0,6.7,0.0,0.0,0,0,0,0,0,0,0,0,0,0,0,0,0,0,0,0,0,0,0,1,0,-13,3,-1,-1,0,1,0,0,0,No Derby,0,0,1,0,https://www.premierleague.com/match/74992
2022/23,9,2022-10-01,10,1,6,Chris Kavanagh,Crystal Palace,Chelsea,Selhurst Park,,16,7,1,2,36.0,64.0,3,3,7,13,514,799,348,635,18,16,14,12,5,2,1,0,1,3,0,0,11,13,4-3-3,4-2-2-2,defeat,win,0,3,6,6,18,18,6,10,12,8,7,8,9,9,42.9,61.4,41.0,60.3,40.2,61.1,4.8,3.8,5.0,3.7,5.4,3.4,11.3,11.7,11.3,8.3,11.6,11.0,597.7,759.7,560.7,751.7,563.2,756.0,397.2,554.2,366.3,556.0,364.2,551.8,18.0,21.5,17.7,20.0,18.0,22.0,26.0,16.0,29.3,21.0,27.4,16.0,3.2,7.7,3.3,5.3,3.2,6.0,1.2,3.0,1.0,2.3,1.2,3.2,2.0,2.0,1.7,2.0,2.2,2.0,11.8,10.2,10.3,8.7,11.0,10.0,3,3,9,9,4,3,5,6,4,2,4,5,52.0,63.8,52.0,63.8,50.0,50.0,5.0,4.3,5.0,4.3,0.0,0.0,13.3,13.0,13.3,13.0,0.0,0.0,692.0,767.3,692.0,767.3,0.0,0.0,494.0,540.3,494.0,540.3,0.0,0.0,17.7,22.3,17.7,22.3,0.0,0.0,18.7,18.0,18.7,18.0,0.0,0.0,3.7,8.3,3.7,8.3,0.0,0.0,1.0,4.0,1.0,4.0,0.0,0.0,1.3,1.3,1.3,1.3,0.0,0.0,14.3,12.0,14.3,12.0,0.0,0.0,0,0,1,0,0,0,0,0,0,0,1,0,0,0,1,0,0,0,1,0,0,-2,-1,0,-3,0,0,0,0,0,No Derby,-1,0,0,1,https://www.premierleague.com/match/74993
2022/23,9,2022-10-01,10,1,6,Darren England,Fulham,Newcastle,Craven Cottage,22913.0,6,10,1,4,31.7,68.3,1,10,3,19,423,770,281,605,13,15,14,14,1,8,4,7,2,0,1,0,9,10,4-2-3-1,4-3-3,defeat,win,0,3,7,7,21,21,11,8,10,13,12,8,11,7,41.7,50.6,48.8,50.8,43.6,49.5,4.4,5.4,4.3,5.0,5.0,5.4,11.6,15.4,11.3,16.0,12.6,16.2,548.9,595.7,631.7,628.3,563.6,597.4,355.4,396.3,444.0,419.3,373.2,398.2,19.4,16.6,18.7,19.0,18.4,17.0,22.7,21.4,18.3,23.0,21.4,20.8,4.4,7.6,5.3,7.0,4.8,7.8,1.4,2.3,0.3,2.3,1.2,2.0,3.0,2.0,3.3,2.0,3.2,2.2,10.1,11.3,8.3,13.0,10.0,12.8,3,3,9,9,7,2,2,7,7,2,5,3,38.6,45.9,38.6,45.9,50.0,50.0,5.0,3.0,5.0,3.0,0.0,0.0,12.3,10.0,12.3,10.0,0.0,0.0,514.0,539.0,514.0,539.0,0.0,0.0,316.3,342.7,316.3,342.7,0.0,0.0,21.0,16.7,21.0,16.7,0.0,0.0,24.7,29.0,24.7,29.0,0.0,0.0,4.3,5.3,4.3,5.3,0.0,0.0,3.0,2.3,3.0,2.3,0.0,0.0,2.3,2.0,2.3,2.0,0.0,0.0,9.7,9.0,9.7,9.0,0.0,0.0,0,0,0,0,0,0,0,0,0,0,0,0,0,0,0,0,0,0,0,1,0,1,1,2,-1,1,1,1,0,0,No Derby,-1,0,0,1,https://www.premierleague.com/match/74994
2022/23,9,2022-10-01,10,1,6,Andy Madley,Liverpool,Brighton,Anfield,,8,4,3,3,53.8,46.2,7,6,15,6,749,657,530,460,15,23,16,26,9,2,1,0,1,1,0,0,9,13,4-3-3,3-4-2-1,draw,draw,1,1,6,6,18,18,9,13,9,5,15,11,6,5,68.7,49.9,67.4,52.4,69.0,52.4,6.5,5.3,8.7,6.3,7.0,5.6,19.5,13.7,21.7,14.3,21.2,13.4,825.2,609.0,784.7,649.3,828.0,629.0,628.8,427.3,591.7,459.7,632.2,447.6,13.0,17.2,11.3,18.0,13.4,17.8,8.7,13.8,7.7,8.0,7.6,11.8,7.7,5.2,10.0,6.0,8.4,5.8,2.7,1.5,2.3,2.0,2.4,1.6,0.8,1.2,0.7,1.3,1.0,1.2,8.2,9.0,8.7,9.0,8.0,8.4,3,3,9,9,7,6,2,3,12,5,2,3,71.3,49.5,71.3,49.5,50.0,50.0,7.3,3.3,7.3,3.3,0.0,0.0,22.0,11.0,22.0,11.0,0.0,0.0,874.3,633.3,874.3,633.3,0.0,0.0,682.3,448.0,682.3,448.0,0.0,0.0,13.0,18.0,13.0,18.0,0.0,0.0,5.0,17.0,5.0,17.0,0.0,0.0,8.3,3.0,8.3,3.0,0.0,0.0,2.7,1.3,2.7,1.3,0.0,0.0,0.7,0.7,0.7,0.7,0.0,0.0,7.3,10.0,7.3,10.0,0.0,0.0,0,1,0,1,0,1,0,0,0,1,0,0,0,1,0,0,0,1,0,0,0,9,6,10,2,1,1,1,1,0,No Derby,0,0,1,0,https://www.premierleague.com/match/74997
2022/23,9,2022-10-01,10,1,6,Andre Marriner,Southampton,Everton,St. Mary's Stadium,30510.0,15,13,1,2,54.2,45.8,6,5,22,12,670,594,445,380,22,23,17,26,7,6,0,1,2,2,0,0,11,10,4-4-2,4-3-3,defeat,win,0,3,7,7,21,21,7,7,14,14,7,5,11,6,42.9,42.0,42.9,41.2,43.0,42.8,3.3,4.3,3.0,2.3,3.4,4.4,11.1,12.0,9.3,9.3,10.8,12.2,562.3,567.1,565.0,566.7,558.2,578.0,354.6,366.9,347.0,352.7,348.0,371.0,19.1,20.0,22.3,21.7,20.6,20.0,20.1,27.3,24.3,31.7,21.0,29.4,4.0,5.3,4.7,4.7,4.8,5.0,0.4,2.1,0.0,2.0,0.4,2.4,1.3,2.4,1.7,2.7,1.6,2.6,11.0,8.4,14.0,8.0,12.2,7.6,3,3,9,9,4,2,5,7,4,3,4,4,41.0,38.5,41.0,38.5,50.0,50.0,5.3,4.3,5.3,4.3,0.0,0.0,13.3,12.0,13.3,12.0,0.0,0.0,532.7,554.0,532.7,554.0,0.0,0.0,318.3,351.7,318.3,351.7,0.0,0.0,17.7,22.0,17.7,22.0,0.0,0.0,18.7,29.7,18.7,29.7,0.0,0.0,4.0,5.0,4.0,5.0,0.0,0.0,0.7,2.3,0.7,2.3,0.0,0.0,1.0,2.0,1.0,2.0,0.0,0.0,9.7,8.0,9.7,8.0,0.0,0.0,0,0,0,0,0,0,0,0,0,0,0,0,0,0,0,0,0,0,0,0,0,-4,-1,0,-1,0,0,0,0,0,No Derby,-1,0,0,1,https://www.premierleague.com/match/74999
2022/23,9,2022-10-01,10,1,6,Paul Tierney,West Ham,Wolves,London Stadium,,18,17,2,0,39.1,60.9,5,4,18,15,539,754,372,564,23,12,27,6,1,6,2,1,2,2,0,0,8,6,4-2-3-1,3-4-2-1,win,defeat,3,0,7,7,21,21,4,6,17,15,3,3,9,7,41.4,51.9,38.9,52.5,41.7,48.7,3.1,3.0,3.7,2.3,3.2,2.8,11.3,11.7,11.3,10.0,10.8,12.0,544.1,656.9,531.3,671.0,566.6,626.8,370.7,463.0,355.0,485.7,390.2,439.8,13.7,19.0,15.0,19.7,13.2,19.8,20.3,19.0,22.3,16.7,21.6,20.6,5.0,4.9,6.7,5.0,5.4,5.0,1.9,1.3,1.0,1.3,1.4,1.4,1.1,2.0,1.7,2.3,1.4,2.2,10.1,9.0,10.7,9.7,10.4,9.4,3,3,9,9,1,1,8,8,1,1,5,3,37.5,58.6,37.5,58.6,50.0,50.0,2.7,4.3,2.7,4.3,0.0,0.0,11.0,17.3,11.0,17.3,0.0,0.0,519.3,740.0,519.3,740.0,0.0,0.0,366.3,542.0,366.3,542.0,0.0,0.0,11.7,20.0,11.7,20.0,0.0,0.0,17.0,15.3,17.0,15.3,0.0,0.0,3.0,5.0,3.0,5.0,0.0,0.0,2.7,1.3,2.7,1.3,0.0,0.0,1.3,1.0,1.3,1.0,0.0,0.0,9.3,9.7,9.3,9.7,0.0,0.0,0,0,0,0,0,0,0,0,0,0,0,1,0,0,0,0,0,0,0,0,0,-6,-4,-4,-2,0,0,0,0,0,No Derby,1,1,0,0,https://www.premierleague.com/match/75000
2022/23,8,2022-09-18,9,18,7,David Coote,Brentford,Arsenal,Gtech Community Stadium,17122.0,5,1,0,3,36.1,63.9,2,7,5,13,487,754,321,592,21,12,16,19,3,3,3,1,0,2,0,0,10,10,3-5-2,4-2-3-1,defeat,win,0,3,6,6,18,18,9,15,9,3,15,14,9,7,45.7,57.2,46.7,63.8,45.9,59.9,5.2,5.8,5.3,6.7,5.6,6.6,12.8,17.2,14.3,20.0,13.8,18.6,569.3,694.7,599.7,707.3,562.4,703.2,390.5,507.3,404.7,521.3,377.2,521.2,13.5,15.0,17.3,13.0,14.0,12.2,12.7,12.7,12.7,7.0,12.0,10.4,5.5,6.5,5.3,8.0,5.4,6.8,1.5,1.5,0.3,0.7,1.8,1.4,1.7,1.8,2.0,2.3,1.6,1.8,7.0,10.2,8.0,8.3,7.4,10.0,3,3,9,9,7,6,2,3,10,6,3,3,40.7,54.1,40.7,54.1,50.0,50.0,6.7,3.7,6.7,3.7,0.0,0.0,15.7,13.3,15.7,13.3,0.0,0.0,518.7,685.0,518.7,685.0,0.0,0.0,329.0,494.3,329.0,494.3,0.0,0.0,14.7,19.0,14.7,19.0,0.0,0.0,15.3,16.7,15.3,16.7,0.0,0.0,6.0,4.7,6.0,4.7,0.0,0.0,0.7,1.7,0.7,1.7,0.0,0.0,1.3,2.0,1.3,2.0,0.0,0.0,7.3,10.0,7.3,10.0,0.0,0.0,0,0,0,0,0,0,0,0,0,0,0,0,0,0,0,0,1,0,1,0,0,6,7,7,3,1,1,1,1,0,No Derby,-1,0,0,1,https://www.premierleague.com/match/74982
2022/23,8,2022-09-18,9,18,7,Michael Oliver,Everton,West Ham,Goodison Park,39298.0,16,18,1,0,53.6,46.4,2,4,7,14,676,575,464,388,18,18,28,17,5,14,1,1,3,1,0,0,8,11,4-3-3,4-2-3-1,win,defeat,3,0,6,6,18,18,4,4,14,14,4,3,6,8,40.1,40.6,37.4,37.5,40.6,43.8,4.7,3.0,4.0,3.0,4.8,3.4,12.8,10.8,11.7,9.0,13.8,11.8,549.0,539.0,537.3,541.7,552.2,568.6,350.7,367.8,326.3,365.3,353.8,388.8,20.3,13.0,23.0,13.3,19.6,12.8,27.2,20.8,34.7,26.3,27.2,21.6,5.3,3.5,4.7,2.7,5.6,4.0,2.3,2.0,2.3,1.0,2.8,1.6,2.3,1.2,2.3,1.3,2.2,1.4,8.5,10.0,8.0,10.3,7.4,10.4,3,3,9,9,2,3,7,6,1,2,2,3,41.6,43.6,41.6,43.6,50.0,50.0,5.0,3.3,5.0,3.3,0.0,0.0,13.7,10.7,13.7,10.7,0.0,0.0,544.0,558.7,544.0,558.7,0.0,0.0,349.7,369.3,349.7,369.3,0.0,0.0,18.7,14.3,18.7,14.3,0.0,0.0,24.7,24.7,24.7,24.7,0.0,0.0,5.7,4.0,5.7,4.0,0.0,0.0,2.3,1.3,2.3,1.3,0.0,0.0,2.7,1.0,2.7,1.0,0.0,0.0,9.0,10.7,9.0,10.7,0.0,0.0,0,0,0,0,0,0,0,0,0,0,0,0,1,0,0,0,0,0,0,0,0,-2,-5,-1,-1,0,0,0,0,0,No Derby,1,1,0,0,https://www.premierleague.com/match/74985
2022/23,8,2022-09-17,9,17,6,Anthony Taylor,Wolves,Man City,Molineux Stadium,31578.0,14,2,0,3,40.8,59.2,1,7,6,16,588,796,422,622,19,19,11,10,5,7,0,1,2,1,1,0,7,9,4-3-3,4-3-3,defeat,win,0,3,6,6,18,18,6,14,12,4,3,20,4,6,53.7,72.0,50.9,73.8,52.5,71.4,3.3,6.2,3.3,6.0,2.8,7.0,12.7,17.0,11.3,16.0,12.2,17.6,668.3,889.3,631.3,911.7,647.4,873.8,469.8,742.5,433.3,772.7,454.6,724.4,19.0,10.2,20.7,12.7,19.6,11.0,20.3,7.5,25.0,5.7,21.2,6.8,4.8,6.7,4.7,6.7,5.0,7.2,1.5,1.8,2.3,2.3,1.6,2.0,2.0,0.7,2.3,0.3,2.4,0.6,9.3,8.2,10.7,9.7,9.4,9.0,3,3,9,9,5,5,4,4,2,6,1,4,48.8,72.1,48.8,72.1,50.0,50.0,2.3,5.3,2.3,5.3,0.0,0.0,8.0,16.0,8.0,16.0,0.0,0.0,596.7,885.3,596.7,885.3,0.0,0.0,397.7,734.7,397.7,734.7,0.0,0.0,18.0,9.3,18.0,9.3,0.0,0.0,25.3,10.7,25.3,10.7,0.0,0.0,4.7,4.3,4.7,4.3,0.0,0.0,1.7,1.7,1.7,1.7,0.0,0.0,3.0,1.0,3.0,1.0,0.0,0.0,9.0,5.7,9.0,5.7,0.0,0.0,0,0,1,0,0,0,0,0,1,0,1,0,0,0,1,0,0,0,1,0,0,-1,14,1,2,0,1,1,1,0,No Derby,-1,0,0,1,https://www.premierleague.com/match/74990
2022/23,8,2022-09-17,9,17,6,Craig Pawson,Newcastle,Bournemouth,St. James' Park,52238.0,10,13,1,1,72.4,27.6,7,3,20,10,839,448,643,245,16,18,9,35,8,1,3,1,2,2,0,0,10,11,4-3-3,4-2-3-1,draw,draw,1,1,6,6,18,18,7,7,11,11,7,5,6,18,47.0,36.9,47.9,37.3,44.1,37.4,5.2,2.0,4.7,2.3,4.2,1.8,14.7,5.7,16.3,6.0,13.0,5.4,555.2,523.3,569.3,533.3,531.2,527.8,355.2,355.0,357.7,355.0,332.4,365.8,16.7,18.0,18.7,18.7,16.2,17.6,23.5,23.3,24.3,24.3,25.4,20.8,7.5,3.0,8.7,3.0,6.8,2.6,2.2,0.7,1.7,0.3,2.2,0.6,2.0,2.0,1.7,1.3,2.4,1.8,11.5,11.0,13.3,9.0,12.0,9.6,3,3,9,9,5,3,4,6,5,3,3,15,48.1,37.1,48.1,37.1,50.0,50.0,7.3,2.0,7.3,2.0,0.0,0.0,19.3,5.3,19.3,5.3,0.0,0.0,571.3,514.7,571.3,514.7,0.0,0.0,367.7,366.0,367.7,366.0,0.0,0.0,16.7,14.0,16.7,14.0,0.0,0.0,18.0,22.0,18.0,22.0,0.0,0.0,9.7,2.7,9.7,2.7,0.0,0.0,2.0,0.7,2.0,0.7,0.0,0.0,2.0,1.7,2.0,1.7,0.0,0.0,14.0,8.0,14.0,8.0,0.0,0.0,0,0,0,0,0,0,0,0,0,0,0,0,0,0,0,0,0,0,0,0,1,1,-13,2,-12,1,0,1,0,0,No Derby,0,0,1,0,https://www.premierleague.com/match/74987
2022/23,8,2022-09-17,9,17,6,Simon Hooper,Spurs,Leicester,Tottenham Hotspur Stadium,61450.0,3,20,6,2,43.7,56.3,11,7,16,19,651,795,482,632,14,16,8,11,6,1,1,0,1,2,0,0,9,9,3-4-2-1,4-1-4-1,win,defeat,3,0,6,6,18,18,14,1,4,17,12,8,5,16,50.3,53.8,52.8,51.8,48.9,53.5,6.2,3.2,6.7,3.7,5.8,2.8,15.3,9.8,17.7,11.0,14.8,9.0,673.7,702.7,697.0,699.7,661.8,693.6,487.3,527.2,519.3,518.3,474.0,516.6,17.7,15.2,13.0,17.0,16.4,15.6,21.0,17.5,19.7,19.0,21.6,18.6,6.3,3.7,5.0,4.3,5.6,3.4,1.8,1.2,2.0,1.3,1.8,1.4,2.3,1.5,3.0,1.3,2.2,1.4,10.3,8.0,10.7,7.3,10.2,8.4,3,3,9,9,9,0,0,9,7,5,2,11,53.1,50.5,53.1,50.5,50.0,50.0,7.3,3.7,7.3,3.7,0.0,0.0,17.3,9.7,17.3,9.7,0.0,0.0,684.3,643.0,684.3,643.0,0.0,0.0,500.3,477.3,500.3,477.3,0.0,0.0,20.3,14.0,20.3,14.0,0.0,0.0,17.3,19.0,17.3,19.0,0.0,0.0,9.3,4.7,9.3,4.7,0.0,0.0,2.3,2.3,2.3,2.3,0.0,0.0,2.7,1.3,2.7,1.3,0.0,0.0,10.0,8.0,10.0,8.0,0.0,0.0,0,1,0,0,0,0,0,0,0,0,0,0,1,1,0,0,0,1,0,0,0,7,-8,5,-6,1,0,1,0,0,No Derby,1,1,0,0,https://www.premierleague.com/match/74989
2022/23,8,2022-09-16,9,16,5,Tony Harrington,Aston Villa,Southampton,Villa Park,40758.0,17,12,1,0,52.7,47.3,3,1,11,7,645,624,420,376,35,28,21,26,6,3,1,0,3,1,0,0,13,13,4-3-2-1,4-2-3-1,win,defeat,3,0,6,6,18,18,4,7,14,11,5,7,10,10,49.8,42.1,42.2,43.2,46.7,42.1,3.0,3.7,2.3,4.3,3.2,4.0,9.3,11.8,5.3,12.7,8.2,12.2,632.3,552.0,571.7,547.3,604.8,543.2,456.2,351.0,407.0,343.0,433.2,339.2,16.5,17.7,16.0,18.7,17.8,18.4,14.0,19.2,17.3,19.0,15.2,19.2,3.2,4.2,2.3,5.3,2.8,4.6,2.5,0.5,2.7,0.3,2.2,0.6,2.5,1.3,2.3,1.3,2.4,1.6,11.7,10.7,10.3,11.0,10.8,11.6,3,3,9,9,4,3,5,6,3,3,3,6,47.7,43.2,47.7,43.2,50.0,50.0,2.7,2.0,2.7,2.0,0.0,0.0,8.0,10.3,8.0,10.3,0.0,0.0,629.3,571.3,629.3,571.3,0.0,0.0,462.0,383.7,462.0,383.7,0.0,0.0,15.7,17.7,15.7,17.7,0.0,0.0,14.7,19.7,14.7,19.7,0.0,0.0,3.0,4.3,3.0,4.3,0.0,0.0,3.0,0.3,3.0,0.3,0.0,0.0,2.7,1.7,2.7,1.7,0.0,0.0,8.7,11.7,8.7,11.7,0.0,0.0,0,0,0,0,0,0,0,0,0,0,0,0,0,0,0,0,0,0,0,0,0,-5,-3,0,-3,0,0,0,0,0,No Derby,1,1,0,0,https://www.premierleague.com/match/74981
2022/23,8,2022-09-16,9,16,5,Jarred Gillett,Nott'm Forest,Fulham,The City Ground,28654.0,19,9,2,3,40.8,59.2,3,7,11,15,540,721,375,555,10,12,22,14,2,10,2,1,2,4,0,0,11,10,3-4-1-2,4-2-3-1,defeat,win,0,3,6,6,18,18,4,8,14,10,4,9,14,9,44.4,38.7,44.4,38.4,45.6,39.9,2.7,4.0,1.7,3.0,3.2,4.2,11.3,11.0,12.0,10.0,12.6,11.4,573.3,520.2,608.7,533.0,587.2,524.4,390.2,322.2,438.3,333.3,409.4,327.8,16.8,20.7,16.0,22.7,17.2,19.8,22.2,24.2,16.0,23.7,19.4,23.0,3.3,3.5,3.7,2.7,3.8,3.4,1.3,1.5,1.3,0.0,1.6,1.0,3.0,2.8,3.0,3.0,3.0,3.0,10.7,10.2,10.3,9.0,10.0,10.8,3,3,9,9,3,1,6,8,3,2,5,4,50.4,38.8,50.4,38.8,50.0,50.0,3.3,3.0,3.3,3.0,0.0,0.0,13.7,9.7,13.7,9.7,0.0,0.0,638.7,526.3,638.7,526.3,0.0,0.0,447.3,328.0,447.3,328.0,0.0,0.0,16.7,20.3,16.7,20.3,0.0,0.0,17.7,23.7,17.7,23.7,0.0,0.0,5.3,2.7,5.3,2.7,0.0,0.0,1.7,0.0,1.7,0.0,0.0,0.0,4.0,3.3,4.0,3.3,0.0,0.0,11.3,10.7,11.3,10.7,0.0,0.0,0,0,0,0,0,0,0,0,0,0,0,0,0,0,0,0,0,0,0,0,1,-10,0,-2,-2,0,0,0,0,0,No Derby,-1,0,0,1,https://www.premierleague.com/match/74988
2022/23,6,2022-09-04,9,4,7,Tony Harrington,Brighton,Leicester,Amex Stadium,31185.0,4,20,5,2,53.5,46.5,11,4,23,6,670,608,493,436,17,13,5,27,10,1,2,3,1,1,0,0,6,8,3-5-2,4-4-2,win,defeat,3,0,5,5,15,15,10,1,5,14,6,6,3,11,49.1,55.3,51.4,56.9,49.1,55.3,4.2,3.0,3.3,2.7,4.2,3.0,11.8,10.6,10.3,11.0,11.8,10.6,596.8,721.6,644.3,749.7,596.8,721.6,414.2,545.4,457.0,558.3,414.2,545.4,17.2,15.6,18.0,17.7,17.2,15.6,15.6,15.6,11.7,16.7,15.6,15.6,4.2,4.2,4.0,4.7,4.2,4.2,1.4,0.8,1.7,0.3,1.4,0.8,1.2,1.6,1.0,1.7,1.2,1.6,9.6,8.0,9.3,8.3,9.6,8.0,2,2,6,6,4,0,2,6,1,3,0,6,48.6,52.5,50.0,50.0,50.0,50.0,5.5,3.5,0.0,0.0,0.0,0.0,13.0,11.5,0.0,0.0,0.0,0.0,542.0,660.5,0.0,0.0,0.0,0.0,363.5,498.0,0.0,0.0,0.0,0.0,16.0,14.5,0.0,0.0,0.0,0.0,13.5,15.0,0.0,0.0,0.0,0.0,6.0,6.5,0.0,0.0,0.0,0.0,1.5,2.0,0.0,0.0,0.0,0.0,2.0,1.5,0.0,0.0,0.0,0.0,9.0,8.0,0.0,0.0,0.0,0.0,0,0,0,0,0,0,0,0,0,0,0,0,1,0,0,0,0,0,0,0,0,3,-5,1,-3,1,0,1,0,0,No Derby,1,1,0,0,https://www.premierleague.com/match/74963
2022/23,6,2022-09-04,9,4,7,Paul Tierney,Man Utd,Arsenal,Old Trafford,73431.0,5,1,3,1,39.5,60.5,6,3,10,16,472,630,310,465,17,14,24,6,2,5,4,0,3,3,0,0,13,9,4-2-3-1,4-2-3-1,win,defeat,3,0,5,5,15,15,9,15,6,0,5,13,7,4,51.4,56.5,42.4,63.0,51.4,56.5,4.4,6.4,4.3,7.7,4.4,6.4,13.0,17.4,11.0,19.3,13.0,17.4,637.0,707.6,584.7,755.0,637.0,707.6,452.6,515.8,396.7,559.7,452.6,515.8,15.4,15.2,17.7,13.0,15.4,15.2,22.4,14.0,26.7,11.7,22.4,14.0,4.0,6.8,4.0,7.7,4.0,6.8,2.0,1.8,1.7,1.7,2.0,1.8,3.4,1.6,3.0,1.7,3.4,1.6,12.4,10.4,13.3,8.7,12.4,10.4,2,2,6,6,3,6,3,0,3,5,3,0,46.2,51.0,50.0,50.0,50.0,50.0,5.0,4.0,0.0,0.0,0.0,0.0,15.0,12.0,0.0,0.0,0.0,0.0,605.0,712.5,0.0,0.0,0.0,0.0,410.5,509.0,0.0,0.0,0.0,0.0,18.0,21.5,0.0,0.0,0.0,0.0,22.0,22.0,0.0,0.0,0.0,0.0,6.0,4.5,0.0,0.0,0.0,0.0,2.5,2.5,0.0,0.0,0.0,0.0,3.5,1.5,0.0,0.0,0.0,0.0,9.0,10.5,0.0,0.0,0.0,0.0,0,0,0,0,0,0,0,0,0,1,0,0,0,0,0,1,1,1,1,0,0,-2,9,0,5,0,1,0,1,0,No Derby,1,1,0,0,https://www.premierleague.com/match/74966
2022/23,6,2022-09-03,9,3,6,Anthony Taylor,Everton,Liverpool,Goodison Park,39240.0,17,6,0,0,39.1,60.9,3,8,14,23,497,682,302,469,19,15,32,16,7,9,3,2,2,2,0,0,7,11,4-3-3,4-3-3,draw,draw,1,1,5,5,15,15,3,8,12,7,4,15,6,6,40.2,70.2,40.5,70.6,40.2,70.2,5.0,6.2,5.7,7.7,5.0,6.2,12.6,18.8,13.3,19.7,12.6,18.8,559.4,853.8,572.3,835.7,559.4,853.8,360.4,660.8,363.0,650.3,360.4,660.8,20.6,12.6,21.0,10.7,20.6,12.6,26.2,7.2,29.0,4.7,26.2,7.2,5.0,7.4,4.3,9.7,5.0,7.4,2.2,2.8,2.7,2.3,2.2,2.8,2.4,0.6,2.7,0.3,2.4,0.6,8.8,7.6,7.7,7.3,8.8,7.6,2,2,6,6,1,1,5,5,1,3,2,4,42.8,68.7,50.0,50.0,50.0,50.0,6.0,4.5,0.0,0.0,0.0,0.0,13.5,14.0,0.0,0.0,0.0,0.0,567.5,823.0,0.0,0.0,0.0,0.0,373.5,628.5,0.0,0.0,0.0,0.0,18.5,12.0,0.0,0.0,0.0,0.0,21.0,10.5,0.0,0.0,0.0,0.0,5.0,6.0,0.0,0.0,0.0,0.0,2.0,3.0,0.0,0.0,0.0,0.0,3.0,0.5,0.0,0.0,0.0,0.0,10.0,8.0,0.0,0.0,0.0,0.0,0,0,1,0,1,0,1,0,0,0,1,0,0,0,1,0,0,0,1,0,0,-2,9,-1,-1,0,1,0,0,1,Merseyside,0,0,1,0,https://www.premierleague.com/match/74965
2022/23,6,2022-09-03,9,3,6,Robert Jones,Brentford,Leeds,Gtech Community Stadium,,11,7,5,2,31.1,68.9,8,6,14,17,429,693,218,488,24,24,21,13,2,6,1,1,2,2,0,0,8,9,4-3-3,4-2-3-1,win,defeat,3,0,5,5,15,15,6,8,9,7,10,8,7,5,48.6,52.6,55.1,55.1,48.6,52.6,4.6,4.4,4.3,4.3,4.6,4.4,12.6,12.2,14.0,12.0,12.6,12.2,597.4,656.6,654.0,690.3,597.4,656.6,425.0,449.2,471.0,479.0,425.0,449.2,11.4,24.2,13.3,24.3,11.4,24.2,11.0,16.8,8.7,14.0,11.0,16.8,6.2,5.6,5.7,5.7,6.2,5.6,1.6,1.0,2.3,1.3,1.6,1.0,1.6,2.2,2.0,2.0,1.6,2.2,6.8,13.0,7.7,13.3,6.8,13.0,2,2,6,6,4,1,2,5,5,2,1,3,45.6,57.3,50.0,50.0,50.0,50.0,6.0,3.5,0.0,0.0,0.0,0.0,16.5,11.5,0.0,0.0,0.0,0.0,563.5,660.0,0.0,0.0,0.0,0.0,384.5,464.5,0.0,0.0,0.0,0.0,10.0,24.5,0.0,0.0,0.0,0.0,12.5,18.0,0.0,0.0,0.0,0.0,8.0,4.0,0.0,0.0,0.0,0.0,0.5,1.0,0.0,0.0,0.0,0.0,1.0,3.0,0.0,0.0,0.0,0.0,7.0,13.0,0.0,0.0,0.0,0.0,0,0,0,0,0,0,0,0,0,0,0,0,0,0,0,0,0,0,0,0,0,3,3,4,-1,1,1,1,0,0,No Derby,1,1,0,0,https://www.premierleague.com/match/74962
2022/23,6,2022-09-03,9,3,6,Andy Madley,Chelsea,West Ham,Stamford Bridge,39923.0,9,14,2,1,68.1,31.9,3,3,8,6,826,485,661,308,16,14,12,28,10,3,1,1,4,2,0,0,6,11,3-1-4-2,3-4-1-2,win,defeat,3,0,5,5,15,15,7,4,8,11,6,2,8,6,60.0,42.3,57.9,43.4,60.0,42.3,4.0,3.0,3.7,3.0,4.0,3.0,12.4,11.8,10.3,11.3,12.4,11.8,746.4,549.8,716.0,591.0,746.4,549.8,532.8,379.8,500.3,418.3,532.8,379.8,22.6,12.8,22.0,11.3,22.6,12.8,16.8,19.4,21.0,21.0,16.8,19.4,7.2,3.6,4.0,3.3,7.2,3.6,3.4,2.2,4.3,1.7,3.4,2.2,1.6,1.0,1.0,1.3,1.6,1.0,11.0,9.8,11.7,10.0,11.0,9.8,2,2,6,6,4,3,2,3,4,1,3,1,54.4,49.5,50.0,50.0,50.0,50.0,3.5,3.5,0.0,0.0,0.0,0.0,11.5,13.0,0.0,0.0,0.0,0.0,715.0,595.5,0.0,0.0,0.0,0.0,521.5,400.0,0.0,0.0,0.0,0.0,23.0,14.5,0.0,0.0,0.0,0.0,15.0,23.0,0.0,0.0,0.0,0.0,5.5,4.5,0.0,0.0,0.0,0.0,2.5,1.5,0.0,0.0,0.0,0.0,2.0,0.5,0.0,0.0,0.0,0.0,9.5,10.5,0.0,0.0,0.0,0.0,0,1,0,0,0,0,0,0,0,1,0,0,1,1,0,0,0,1,0,0,0,-2,-4,1,0,0,0,1,0,0,No Derby,1,1,0,0,https://www.premierleague.com/match/74964
2022/23,6,2022-09-03,9,3,6,Michael Salisbury,Newcastle,Crystal Palace,St. James' Park,51863.0,12,13,0,0,51.7,48.3,6,9,23,19,599,604,359,362,18,23,18,35,13,5,2,1,2,2,0,0,19,12,4-3-3,4-3-3,draw,draw,1,1,5,5,15,15,6,5,9,10,7,7,6,9,46.1,41.8,41.1,41.8,46.1,41.8,5.0,4.0,4.7,5.0,5.0,4.0,13.0,9.8,12.7,10.7,13.0,9.8,546.4,596.4,516.3,572.3,546.4,596.4,354.4,404.2,329.7,395.0,354.4,404.2,16.4,17.0,17.0,14.7,16.4,17.0,24.6,24.2,25.7,21.3,24.6,24.2,6.4,2.8,6.0,3.0,6.4,2.8,2.2,1.2,1.7,1.0,2.2,1.2,2.0,2.0,2.3,1.7,2.0,2.0,10.0,11.8,11.7,11.7,10.0,11.8,2,2,6,6,4,1,2,5,5,3,3,5,46.4,26.6,50.0,50.0,50.0,50.0,8.0,2.5,0.0,0.0,0.0,0.0,17.5,4.5,0.0,0.0,0.0,0.0,557.5,453.0,0.0,0.0,0.0,0.0,372.0,269.5,0.0,0.0,0.0,0.0,16.0,16.0,0.0,0.0,0.0,0.0,18.0,32.5,0.0,0.0,0.0,0.0,8.0,1.5,0.0,0.0,0.0,0.0,2.0,1.5,0.0,0.0,0.0,0.0,2.0,3.0,0.0,0.0,0.0,0.0,11.5,8.0,0.0,0.0,0.0,0.0,0,0,0,0,0,0,0,0,0,0,0,0,0,0,0,0,0,0,0,0,0,1,-2,2,-2,1,0,1,0,0,No Derby,0,0,1,0,https://www.premierleague.com/match/74967
2022/23,6,2022-09-03,9,3,6,Michael Oliver,Nott'm Forest,Bournemouth,The City Ground,28720.0,15,16,2,3,52.7,47.3,3,3,11,8,665,626,486,442,13,12,17,29,4,6,1,1,2,1,0,0,13,10,3-4-2-1,4-2-3-1,defeat,win,0,3,5,5,15,15,4,4,11,11,2,2,11,16,42.8,34.8,44.0,35.5,42.8,34.8,2.6,1.8,2.3,1.7,2.6,1.8,11.4,5.2,13.0,5.3,11.4,5.2,555.0,502.8,591.3,516.7,555.0,502.8,371.0,337.6,424.3,344.7,371.0,337.6,17.6,19.2,19.0,22.0,17.6,19.2,23.2,22.2,17.0,18.3,23.2,22.2,3.2,2.4,3.0,2.0,3.2,2.4,1.4,0.6,1.3,0.3,1.4,0.6,3.2,2.2,3.0,1.7,3.2,2.2,10.2,11.2,9.0,9.7,10.2,11.2,2,2,6,6,3,0,3,6,1,0,2,13,49.2,32.0,50.0,50.0,50.0,50.0,3.5,1.5,0.0,0.0,0.0,0.0,15.0,4.0,0.0,0.0,0.0,0.0,625.5,459.0,0.0,0.0,0.0,0.0,428.0,328.0,0.0,0.0,0.0,0.0,18.5,15.0,0.0,0.0,0.0,0.0,18.0,18.5,0.0,0.0,0.0,0.0,6.0,1.0,0.0,0.0,0.0,0.0,2.0,0.5,0.0,0.0,0.0,0.0,5.0,2.0,0.0,0.0,0.0,0.0,10.5,7.0,0.0,0.0,0.0,0.0,0,0,0,0,0,0,0,0,0,0,0,0,0,0,0,0,0,0,0,0,1,-9,-14,-1,-13,0,0,0,0,0,No Derby,-1,0,0,1,https://www.premierleague.com/match/74968
2022/23,6,2022-09-03,9,3,6,Stuart Attwell,Spurs,Fulham,Tottenham Hotspur Stadium,61641.0,3,8,2,1,51.9,48.1,10,3,23,9,659,629,475,433,19,18,17,19,10,3,3,0,3,4,0,0,9,6,3-4-2-1,4-2-3-1,win,defeat,3,0,5,5,15,15,11,8,4,7,10,8,4,7,50.0,36.9,52.1,36.9,50.0,36.9,5.4,4.2,4.7,5.0,5.4,4.2,13.8,11.4,13.7,13.0,13.8,11.4,676.6,498.4,697.7,489.3,676.6,498.4,489.8,300.0,518.3,292.7,489.8,300.0,17.4,21.2,12.7,20.7,17.4,21.2,21.8,25.2,19.7,24.7,21.8,25.2,5.6,3.6,4.3,3.7,5.6,3.6,1.6,1.8,1.7,1.7,1.6,1.8,2.2,2.6,2.7,2.7,2.2,2.6,10.6,11.0,11.0,11.3,10.6,11.0,2,2,6,6,6,1,0,5,5,1,1,2,53.7,34.2,50.0,50.0,50.0,50.0,6.0,3.0,0.0,0.0,0.0,0.0,14.5,10.0,0.0,0.0,0.0,0.0,697.0,475.0,0.0,0.0,0.0,0.0,513.0,275.5,0.0,0.0,0.0,0.0,21.0,21.5,0.0,0.0,0.0,0.0,17.5,26.0,0.0,0.0,0.0,0.0,9.0,2.5,0.0,0.0,0.0,0.0,2.0,0.0,0.0,0.0,0.0,0.0,2.5,3.0,0.0,0.0,0.0,0.0,10.5,13.0,0.0,0.0,0.0,0.0,0,1,0,0,0,0,0,0,0,0,0,0,0,1,0,0,0,1,0,0,1,6,1,4,-1,1,1,1,0,0,No Derby,1,1,0,0,https://www.premierleague.com/match/74969
2022/23,6,2022-09-03,9,3,6,John Brooks,Wolves,Southampton,Molineux Stadium,30546.0,18,10,1,0,50.8,49.2,2,1,7,12,630,593,432,406,14,20,26,18,5,6,1,0,4,2,0,0,10,14,4-3-3,4-2-3-1,win,defeat,3,0,5,5,15,15,3,7,12,8,2,7,4,9,54.3,40.7,50.7,39.5,54.3,40.7,3.6,4.2,3.7,5.0,3.6,4.2,13.8,11.8,15.7,11.7,13.8,11.8,676.0,543.8,638.7,524.7,676.0,543.8,477.4,340.0,448.3,319.3,477.4,340.0,20.0,17.2,22.0,18.3,20.0,17.2,19.2,19.4,22.0,20.3,19.2,19.4,4.8,3.8,5.0,5.0,4.8,3.8,1.6,0.6,2.0,0.7,1.6,0.6,1.6,1.2,1.7,1.7,1.6,1.2,9.2,10.0,10.0,11.3,9.2,10.0,2,2,6,6,2,3,4,3,1,3,1,5,47.8,40.2,50.0,50.0,50.0,50.0,2.5,2.5,0.0,0.0,0.0,0.0,8.5,9.5,0.0,0.0,0.0,0.0,580.0,560.5,0.0,0.0,0.0,0.0,380.5,372.5,0.0,0.0,0.0,0.0,20.0,16.5,0.0,0.0,0.0,0.0,25.0,20.5,0.0,0.0,0.0,0.0,4.5,3.5,0.0,0.0,0.0,0.0,2.0,0.5,0.0,0.0,0.0,0.0,2.5,1.5,0.0,0.0,0.0,0.0,8.5,10.5,0.0,0.0,0.0,0.0,0,0,0,0,0,0,0,0,0,0,0,0,0,0,0,0,0,0,0,0,0,-2,-2,0,-2,0,0,0,0,0,No Derby,1,1,0,0,https://www.premierleague.com/match/74970
2022/23,6,2022-09-03,9,3,6,Simon Hooper,Aston Villa,Man City,Villa Park,41830.0,19,2,1,1,27.7,72.3,1,4,3,13,420,895,287,763,15,13,15,8,1,4,5,3,2,0,0,0,7,6,4-3-2-1,4-3-3,draw,draw,1,1,5,5,15,15,3,13,12,2,4,19,9,5,54.2,72.0,49.4,72.6,54.2,72.0,3.4,6.6,3.7,8.0,3.4,6.6,10.6,17.8,8.7,18.7,10.6,17.8,674.8,888.2,635.7,878.0,674.8,888.2,490.0,738.4,454.0,721.0,490.0,738.4,16.8,9.6,19.7,11.3,16.8,9.6,13.8,7.4,15.0,7.3,13.8,7.4,3.6,7.2,2.7,7.0,3.6,7.2,2.0,1.6,1.3,1.7,2.0,1.6,2.6,0.8,2.0,1.0,2.6,0.8,12.6,8.6,12.7,10.0,12.6,8.6,2,2,6,6,3,4,3,2,2,5,2,3,57.6,72.1,50.0,50.0,50.0,50.0,3.5,6.0,0.0,0.0,0.0,0.0,10.5,17.5,0.0,0.0,0.0,0.0,734.0,880.5,0.0,0.0,0.0,0.0,549.5,720.5,0.0,0.0,0.0,0.0,16.0,7.5,0.0,0.0,0.0,0.0,14.5,12.0,0.0,0.0,0.0,0.0,4.0,4.5,0.0,0.0,0.0,0.0,2.0,1.0,0.0,0.0,0.0,0.0,3.0,1.5,0.0,0.0,0.0,0.0,9.5,5.5,0.0,0.0,0.0,0.0,0,0,1,0,0,0,0,0,1,0,1,0,0,0,1,0,0,0,1,0,0,-5,14,0,2,0,1,0,1,0,No Derby,0,0,1,0,https://www.premierleague.com/match/74961
2022/23,5,2022-09-01,9,1,4,Craig Pawson,Leicester,Man Utd,King Power Stadium,32226.0,20,8,0,1,53.9,46.1,2,2,10,9,781,682,595,513,21,15,16,10,1,3,0,2,1,3,0,0,7,15,4-1-4-1,4-2-3-1,defeat,win,0,3,4,4,12,12,1,6,11,6,6,4,10,7,55.6,52.7,55.7,49.3,50.0,50.0,3.2,5.0,2.7,5.0,0.0,0.0,10.8,14.0,9.7,13.0,0.0,0.0,706.8,625.8,693.0,590.3,0.0,0.0,533.0,437.5,517.3,400.7,0.0,0.0,14.2,15.5,14.7,16.7,0.0,0.0,15.5,25.5,16.7,30.7,0.0,0.0,5.0,4.2,5.0,3.7,0.0,0.0,1.0,2.0,1.3,1.7,0.0,0.0,1.8,3.5,1.7,3.3,0.0,0.0,8.2,11.8,9.0,13.3,0.0,0.0,2,2,6,6,1,3,5,3,3,1,4,4,58.7,59.2,50.0,50.0,50.0,50.0,3.0,5.0,0.0,0.0,0.0,0.0,10.0,13.0,0.0,0.0,0.0,0.0,753.0,646.5,0.0,0.0,0.0,0.0,568.0,464.5,0.0,0.0,0.0,0.0,14.0,13.0,0.0,0.0,0.0,0.0,16.0,29.0,0.0,0.0,0.0,0.0,3.5,2.5,0.0,0.0,0.0,0.0,0.0,1.5,0.0,0.0,0.0,0.0,2.0,3.5,0.0,0.0,0.0,0.0,8.5,14.5,0.0,0.0,0.0,0.0,0,0,0,0,0,0,0,0,0,0,1,1,0,0,0,0,1,0,1,0,0,-4,-3,-1,-3,0,0,0,0,0,No Derby,-1,0,0,1,https://www.premierleague.com/match/74956
2022/23,5,2022-08-31,8,31,3,Anthony Taylor,Bournemouth,Wolves,Vitality Stadium,10113.0,17,19,0,0,34.1,65.9,2,4,5,17,519,795,320,603,24,26,27,13,2,5,0,3,2,1,0,0,12,12,4-4-2,4-3-3,draw,draw,1,1,4,4,12,12,3,2,9,10,2,2,16,4,35.0,51.4,35.2,48.6,50.0,50.0,1.8,3.5,1.3,2.7,0.0,0.0,5.2,13.0,4.7,12.3,0.0,0.0,498.8,646.2,498.0,604.0,0.0,0.0,342.0,446.0,355.7,412.7,0.0,0.0,18.0,18.5,17.3,19.3,0.0,0.0,21.0,20.8,16.0,22.3,0.0,0.0,2.5,4.8,1.7,5.0,0.0,0.0,0.8,1.2,0.7,1.3,0.0,0.0,2.2,1.8,2.0,2.3,0.0,0.0,11.0,8.5,8.7,8.3,0.0,0.0,2,2,6,6,3,0,3,6,2,1,3,3,38.1,55.0,50.0,50.0,50.0,50.0,2.0,4.5,0.0,0.0,0.0,0.0,6.5,17.5,0.0,0.0,0.0,0.0,538.5,712.5,0.0,0.0,0.0,0.0,356.0,511.5,0.0,0.0,0.0,0.0,21.0,17.0,0.0,0.0,0.0,0.0,23.5,16.5,0.0,0.0,0.0,0.0,4.0,5.0,0.0,0.0,0.0,0.0,1.0,0.5,0.0,0.0,0.0,0.0,2.5,1.0,0.0,0.0,0.0,0.0,15.0,8.5,0.0,0.0,0.0,0.0,0,0,0,0,0,0,0,0,0,0,0,0,0,0,0,0,0,0,0,1,0,-14,-2,-1,-2,0,0,0,0,0,No Derby,0,0,1,0,https://www.premierleague.com/match/74952
2022/23,5,2022-08-31,8,31,3,Robert Jones,Arsenal,Aston Villa,Emirates Stadium,60012.0,1,15,2,1,58.9,41.1,9,3,22,4,699,524,504,352,10,16,10,24,10,3,1,1,2,3,0,0,10,14,4-2-3-1,4-3-3,win,defeat,3,0,4,4,12,12,12,3,0,9,11,3,3,7,56.0,57.5,60.0,54.8,50.0,50.0,5.8,3.5,7.0,4.0,0.0,0.0,16.2,12.2,18.3,11.3,0.0,0.0,709.8,712.5,729.0,693.3,0.0,0.0,518.8,524.5,545.7,509.0,0.0,0.0,16.5,17.0,12.3,19.3,0.0,0.0,15.0,11.2,12.0,12.3,0.0,0.0,6.0,3.8,6.3,3.3,0.0,0.0,2.0,2.2,2.0,1.7,0.0,0.0,1.5,2.5,1.3,2.3,0.0,0.0,10.5,12.2,10.3,11.0,0.0,0.0,2,2,6,6,6,0,0,6,6,1,3,5,61.0,57.4,50.0,50.0,50.0,50.0,7.5,3.5,0.0,0.0,0.0,0.0,20.5,14.0,0.0,0.0,0.0,0.0,707.0,691.0,0.0,0.0,0.0,0.0,528.5,499.5,0.0,0.0,0.0,0.0,11.5,18.0,0.0,0.0,0.0,0.0,8.0,8.0,0.0,0.0,0.0,0.0,7.5,3.5,0.0,0.0,0.0,0.0,1.5,2.5,0.0,0.0,0.0,0.0,1.5,2.0,0.0,0.0,0.0,0.0,10.5,15.0,0.0,0.0,0.0,0.0,0,0,0,0,0,0,0,0,0,0,0,0,0,0,0,1,0,1,0,0,0,8,-4,3,-4,1,0,1,0,0,No Derby,1,1,0,0,https://www.premierleague.com/match/74951
2022/23,5,2022-08-31,8,31,3,Paul Tierney,Man City,Nott'm Forest,Etihad Stadium,53409.0,2,13,6,0,74.9,25.1,9,1,17,8,924,407,785,261,13,14,6,24,10,1,2,2,0,1,0,0,9,7,4-2-3-1,5-3-2,win,defeat,3,0,4,4,12,12,10,4,2,8,13,2,5,5,71.3,47.2,69.9,50.1,50.0,50.0,6.0,3.0,7.3,4.0,0.0,0.0,18.0,12.2,19.3,14.7,0.0,0.0,879.2,592.0,850.0,621.3,0.0,0.0,726.8,398.5,691.3,433.3,0.0,0.0,8.8,18.5,9.7,19.7,0.0,0.0,7.8,23.0,6.7,18.7,0.0,0.0,6.5,3.8,7.3,4.7,0.0,0.0,1.5,1.2,1.7,1.7,0.0,0.0,1.0,3.8,1.0,4.0,0.0,0.0,8.5,11.0,10.0,10.0,0.0,0.0,2,2,6,6,6,1,0,5,8,1,2,3,70.5,45.2,50.0,50.0,50.0,50.0,6.0,2.5,0.0,0.0,0.0,0.0,18.5,9.5,0.0,0.0,0.0,0.0,878.0,558.5,0.0,0.0,0.0,0.0,733.0,369.0,0.0,0.0,0.0,0.0,10.0,18.5,0.0,0.0,0.0,0.0,3.5,28.0,0.0,0.0,0.0,0.0,8.5,1.5,0.0,0.0,0.0,0.0,2.0,0.5,0.0,0.0,0.0,0.0,0.5,2.5,0.0,0.0,0.0,0.0,11.5,11.5,0.0,0.0,0.0,0.0,0,1,0,0,0,0,0,1,0,1,0,0,0,1,0,0,0,1,0,0,0,8,-3,6,-2,1,0,1,0,0,No Derby,1,1,0,0,https://www.premierleague.com/match/74959
2022/23,5,2022-08-31,8,31,3,Peter Bankes,West Ham,Spurs,London Stadium,62450.0,16,3,1,1,38.3,61.7,4,3,14,12,534,779,369,621,13,7,22,17,3,4,1,0,2,5,0,0,10,10,4-2-3-1,3-4-2-1,draw,draw,1,1,4,4,12,12,3,10,9,2,1,9,5,3,43.3,47.1,49.5,43.6,50.0,50.0,2.8,6.0,3.3,5.3,0.0,0.0,11.2,14.2,13.0,13.0,0.0,0.0,553.8,651.0,608.0,623.7,0.0,0.0,382.5,457.0,422.3,424.7,0.0,0.0,12.8,20.0,12.3,18.7,0.0,0.0,18.8,23.0,19.3,24.7,0.0,0.0,3.8,6.0,4.7,4.7,0.0,0.0,2.5,2.0,2.0,2.0,0.0,0.0,0.8,1.5,1.0,1.0,0.0,0.0,9.8,10.8,10.3,10.7,0.0,0.0,2,2,6,6,0,4,6,2,0,4,4,2,37.1,40.5,50.0,50.0,50.0,50.0,2.0,6.0,0.0,0.0,0.0,0.0,9.5,14.0,0.0,0.0,0.0,0.0,512.0,605.0,0.0,0.0,0.0,0.0,365.0,401.0,0.0,0.0,0.0,0.0,11.0,19.0,0.0,0.0,0.0,0.0,14.5,28.5,0.0,0.0,0.0,0.0,3.0,3.0,0.0,0.0,0.0,0.0,3.5,2.0,0.0,0.0,0.0,0.0,1.0,0.5,0.0,0.0,0.0,0.0,9.0,11.0,0.0,0.0,0.0,0.0,0,0,1,0,0,0,0,0,0,0,0,1,0,0,1,0,0,0,1,0,0,-4,6,-4,2,0,1,0,1,0,No Derby,0,0,1,0,https://www.premierleague.com/match/74957
2022/23,5,2022-08-31,8,31,3,Andre Marriner,Liverpool,Newcastle,Anfield,53316.0,9,7,2,1,71.8,28.2,6,2,23,5,823,447,625,256,7,23,4,42,13,0,2,2,0,2,0,0,9,10,4-3-3,4-3-3,win,defeat,3,0,4,4,12,12,5,6,7,6,13,6,5,4,69.8,50.5,70.8,46.9,50.0,50.0,6.2,5.8,7.0,4.3,0.0,0.0,17.8,15.0,20.0,12.3,0.0,0.0,861.5,571.2,878.3,536.7,0.0,0.0,669.8,379.0,689.0,349.0,0.0,0.0,14.0,14.8,15.0,13.3,0.0,0.0,8.0,20.2,6.0,22.3,0.0,0.0,6.0,8.0,6.7,7.0,0.0,0.0,3.0,2.2,2.7,2.3,0.0,0.0,0.8,2.0,1.0,2.7,0.0,0.0,7.2,10.0,6.7,10.3,0.0,0.0,2,2,6,6,4,2,2,4,10,1,1,1,71.0,54.7,50.0,50.0,50.0,50.0,8.0,3.5,0.0,0.0,0.0,0.0,21.5,12.5,0.0,0.0,0.0,0.0,900.0,585.0,0.0,0.0,0.0,0.0,711.0,386.0,0.0,0.0,0.0,0.0,16.0,13.5,0.0,0.0,0.0,0.0,5.5,22.5,0.0,0.0,0.0,0.0,6.0,8.0,0.0,0.0,0.0,0.0,3.0,2.5,0.0,0.0,0.0,0.0,1.0,2.0,0.0,0.0,0.0,0.0,6.5,8.5,0.0,0.0,0.0,0.0,0,1,0,1,0,1,0,0,0,1,0,0,0,1,0,0,0,1,0,0,0,8,2,9,0,1,1,1,0,0,No Derby,1,1,0,0,https://www.premierleague.com/match/74958
2022/23,5,2022-08-30,8,30,2,Simon Hooper,Crystal Palace,Brentford,Selhurst Park,25043.0,12,10,1,1,48.9,51.1,4,3,13,9,667,664,472,482,21,14,26,5,4,6,1,0,1,2,0,0,11,8,4-1-4-1,4-3-3,draw,draw,1,1,4,4,12,12,4,5,8,7,6,9,8,6,40.0,48.0,34.6,49.1,50.0,50.0,4.0,5.0,4.7,5.7,0.0,0.0,9.0,13.5,8.7,15.3,0.0,0.0,578.8,580.8,515.0,573.0,0.0,0.0,387.2,410.8,329.0,395.3,0.0,0.0,16.0,10.8,15.3,10.7,0.0,0.0,23.8,12.5,25.3,11.3,0.0,0.0,2.5,6.2,2.3,6.3,0.0,0.0,1.2,2.0,1.3,2.7,0.0,0.0,2.2,1.5,2.7,1.3,0.0,0.0,12.0,6.5,10.7,7.0,0.0,0.0,2,2,6,6,3,1,3,5,3,4,3,5,53.6,50.4,50.0,50.0,50.0,50.0,5.5,4.0,0.0,0.0,0.0,0.0,13.5,10.5,0.0,0.0,0.0,0.0,704.5,598.0,0.0,0.0,0.0,0.0,505.0,437.0,0.0,0.0,0.0,0.0,16.0,11.5,0.0,0.0,0.0,0.0,15.0,12.5,0.0,0.0,0.0,0.0,3.5,4.5,0.0,0.0,0.0,0.0,1.0,3.5,0.0,0.0,0.0,0.0,1.5,2.0,0.0,0.0,0.0,0.0,16.0,6.0,0.0,0.0,0.0,0.0,0,0,0,0,0,0,0,0,0,0,0,0,0,0,0,0,0,0,0,0,0,-2,3,0,-1,0,1,0,0,0,No Derby,0,0,1,0,https://www.premierleague.com/match/74953
2022/23,5,2022-08-30,8,30,2,Thomas Bramall,Fulham,Brighton,Craven Cottage,22224.0,11,4,2,1,39.1,60.9,3,4,10,7,545,736,344,533,26,23,22,11,3,3,0,2,2,1,0,0,9,11,4-2-3-1,3-5-2,win,defeat,3,0,4,4,12,12,5,10,7,2,6,5,6,1,36.3,46.2,37.4,49.2,50.0,50.0,4.5,4.2,5.0,4.3,0.0,0.0,11.8,13.0,12.7,12.3,0.0,0.0,486.8,562.0,482.7,579.7,0.0,0.0,289.0,384.5,287.3,404.0,0.0,0.0,20.0,15.8,18.3,16.3,0.0,0.0,26.0,16.8,24.7,14.3,0.0,0.0,3.8,4.5,3.7,5.3,0.0,0.0,2.2,1.2,1.7,1.3,0.0,0.0,2.8,1.2,3.0,1.3,0.0,0.0,11.5,9.2,13.0,8.3,0.0,0.0,2,2,6,6,4,6,2,0,5,4,4,1,38.4,43.8,50.0,50.0,50.0,50.0,6.0,3.0,0.0,0.0,0.0,0.0,13.5,13.0,0.0,0.0,0.0,0.0,498.5,582.0,0.0,0.0,0.0,0.0,302.5,405.5,0.0,0.0,0.0,0.0,18.5,15.5,0.0,0.0,0.0,0.0,26.0,20.0,0.0,0.0,0.0,0.0,5.0,3.0,0.0,0.0,0.0,0.0,4.5,1.0,0.0,0.0,0.0,0.0,2.5,0.5,0.0,0.0,0.0,0.0,10.0,9.5,0.0,0.0,0.0,0.0,0,0,0,0,0,0,0,0,0,0,0,0,0,0,0,0,0,0,0,1,0,0,4,1,3,0,1,1,1,0,No Derby,1,1,0,0,https://www.premierleague.com/match/74954
2022/23,5,2022-08-30,8,30,2,Michael Oliver,Southampton,Chelsea,St. Mary's Stadium,,14,6,2,1,32.2,67.8,7,4,9,10,478,805,259,561,19,26,29,26,5,3,0,3,2,1,0,0,15,10,4-2-3-1,4-2-2-2,win,defeat,3,0,4,4,12,12,4,7,8,5,5,5,8,6,42.8,58.1,43.0,56.6,50.0,50.0,3.5,4.0,4.0,3.3,0.0,0.0,12.5,13.0,13.3,12.3,0.0,0.0,560.2,731.8,548.3,716.3,0.0,0.0,360.2,525.8,343.7,512.3,0.0,0.0,16.8,21.8,17.7,22.7,0.0,0.0,17.0,14.5,16.3,14.0,0.0,0.0,3.5,8.2,4.0,5.7,0.0,0.0,0.8,3.5,1.0,4.0,0.0,0.0,1.0,1.8,1.3,1.7,0.0,0.0,8.8,11.2,9.7,11.3,0.0,0.0,2,2,6,6,1,3,5,3,2,1,3,3,45.4,61.8,50.0,50.0,50.0,50.0,4.5,4.5,0.0,0.0,0.0,0.0,15.5,14.5,0.0,0.0,0.0,0.0,560.0,748.5,0.0,0.0,0.0,0.0,348.0,530.0,0.0,0.0,0.0,0.0,17.0,20.5,0.0,0.0,0.0,0.0,13.5,14.0,0.0,0.0,0.0,0.0,3.5,11.0,0.0,0.0,0.0,0.0,1.0,4.5,0.0,0.0,0.0,0.0,0.5,1.5,0.0,0.0,0.0,0.0,7.0,13.0,0.0,0.0,0.0,0.0,0,0,1,0,0,0,0,0,0,0,1,0,0,0,1,0,0,0,1,0,0,-3,-1,-1,-2,0,0,0,0,0,No Derby,1,1,0,0,https://www.premierleague.com/match/74960
2022/23,5,2022-08-30,8,30,2,Darren England,Leeds,Everton,Elland Road,36338.0,5,18,1,1,69.1,30.9,5,2,14,7,898,527,644,292,25,28,12,35,10,2,2,2,3,3,0,0,10,9,4-2-3-1,4-3-3,draw,draw,1,1,4,4,12,12,7,2,5,10,7,3,4,5,48.4,42.6,51.2,44.3,50.0,50.0,4.2,5.8,4.3,6.3,0.0,0.0,11.8,14.0,11.7,16.0,0.0,0.0,596.2,567.5,611.3,579.0,0.0,0.0,400.5,377.5,415.7,391.7,0.0,0.0,24.0,18.8,25.0,17.0,0.0,0.0,18.0,24.0,16.7,23.0,0.0,0.0,4.5,5.8,4.0,6.3,0.0,0.0,0.8,2.2,1.0,3.0,0.0,0.0,2.0,2.2,2.0,2.0,0.0,0.0,13.8,8.8,14.0,7.0,0.0,0.0,2,2,6,6,6,1,0,5,5,2,1,3,39.6,42.4,50.0,50.0,50.0,50.0,5.0,5.5,0.0,0.0,0.0,0.0,12.0,14.5,0.0,0.0,0.0,0.0,532.5,567.5,0.0,0.0,0.0,0.0,336.5,381.5,0.0,0.0,0.0,0.0,23.5,19.0,0.0,0.0,0.0,0.0,18.0,27.0,0.0,0.0,0.0,0.0,5.0,6.5,0.0,0.0,0.0,0.0,0.5,2.5,0.0,0.0,0.0,0.0,1.0,1.5,0.0,0.0,0.0,0.0,14.5,7.5,0.0,0.0,0.0,0.0,0,0,0,0,0,0,0,0,0,0,0,0,0,0,0,0,0,0,0,0,0,3,-2,4,-1,1,0,1,0,0,No Derby,0,0,1,0,https://www.premierleague.com/match/74955
2022/23,4,2022-08-28,8,28,7,David Coote,Aston Villa,West Ham,Villa Park,41796.0,13,20,0,1,57.8,42.2,3,2,9,7,771,606,582,419,17,13,13,29,3,2,2,1,2,0,0,0,10,10,4-3-1-2,3-5-2,defeat,win,0,3,3,3,9,9,3,0,6,9,3,0,6,5,57.4,43.7,57.4,43.7,50.0,50.0,3.7,3.0,3.7,3.0,0.0,0.0,13.3,12.7,13.3,12.7,0.0,0.0,693.0,536.3,693.0,536.3,0.0,0.0,505.3,370.3,505.3,370.3,0.0,0.0,17.0,12.7,17.0,12.7,0.0,0.0,10.7,15.3,10.7,15.3,0.0,0.0,4.0,4.3,4.0,4.3,0.0,0.0,2.3,3.0,2.3,3.0,0.0,0.0,2.7,1.0,2.7,1.0,0.0,0.0,13.0,9.7,13.0,9.7,0.0,0.0,1,1,3,3,3,0,0,3,2,0,1,1,57.5,56.8,50.0,50.0,50.0,50.0,4.0,5.0,0.0,0.0,0.0,0.0,12.0,19.0,0.0,0.0,0.0,0.0,697.0,585.0,0.0,0.0,0.0,0.0,517.0,381.0,0.0,0.0,0.0,0.0,15.0,16.0,0.0,0.0,0.0,0.0,16.0,17.0,0.0,0.0,0.0,0.0,5.0,7.0,0.0,0.0,0.0,0.0,2.0,2.0,0.0,0.0,0.0,0.0,4.0,1.0,0.0,0.0,0.0,0.0,9.0,11.0,0.0,0.0,0.0,0.0,0,0,0,0,0,0,0,0,0,0,0,0,1,0,0,0,0,0,0,0,0,-3,-5,1,-1,0,0,1,0,0,No Derby,-1,0,0,1,https://www.premierleague.com/match/74942
2022/23,4,2022-08-28,8,28,7,Peter Bankes,Wolves,Newcastle,Molineux Stadium,31311.0,18,6,1,1,36.1,63.9,4,6,10,21,469,662,265,458,22,15,36,13,4,13,3,1,2,1,0,0,10,11,4-3-3,4-3-3,draw,draw,1,1,3,3,9,9,1,5,8,4,1,5,3,3,56.5,46.1,56.5,46.1,50.0,50.0,3.3,5.7,3.3,5.7,0.0,0.0,14.0,13.0,14.0,13.0,0.0,0.0,705.3,541.0,705.3,541.0,0.0,0.0,506.3,352.7,506.3,352.7,0.0,0.0,17.3,14.7,17.3,14.7,0.0,0.0,15.7,22.7,15.7,22.7,0.0,0.0,5.0,6.3,5.0,6.3,0.0,0.0,0.7,2.7,0.7,2.7,0.0,0.0,1.7,2.3,1.7,2.3,0.0,0.0,8.0,9.7,8.0,9.7,0.0,0.0,1,1,3,3,1,1,2,2,0,0,0,0,59.6,45.5,50.0,50.0,50.0,50.0,1.0,1.0,0.0,0.0,0.0,0.0,7.0,4.0,0.0,0.0,0.0,0.0,691.0,508.0,0.0,0.0,0.0,0.0,496.0,314.0,0.0,0.0,0.0,0.0,18.0,12.0,0.0,0.0,0.0,0.0,14.0,32.0,0.0,0.0,0.0,0.0,5.0,3.0,0.0,0.0,0.0,0.0,1.0,4.0,0.0,0.0,0.0,0.0,3.0,3.0,0.0,0.0,0.0,0.0,7.0,6.0,0.0,0.0,0.0,0.0,0,0,0,0,0,0,0,0,0,0,0,0,0,0,0,0,0,0,0,0,0,-2,2,0,0,0,1,0,0,0,No Derby,0,0,1,0,https://www.premierleague.com/match/74950
2022/23,4,2022-08-28,8,28,7,Craig Pawson,Nott'm Forest,Spurs,The City Ground,29296.0,10,4,0,2,55.3,44.7,1,7,17,18,754,653,568,462,21,13,7,25,6,1,1,3,6,1,0,0,11,13,3-4-2-1,3-4-2-1,defeat,win,0,3,3,3,9,9,4,7,5,2,2,7,3,3,44.5,47.9,44.5,47.9,50.0,50.0,3.7,5.7,3.7,5.7,0.0,0.0,10.7,13.0,10.7,13.0,0.0,0.0,538.0,650.3,538.0,650.3,0.0,0.0,342.0,455.3,342.0,455.3,0.0,0.0,17.7,22.3,17.7,22.3,0.0,0.0,28.3,22.3,28.3,22.3,0.0,0.0,3.0,7.7,3.0,7.7,0.0,0.0,1.3,1.7,1.3,1.7,0.0,0.0,3.0,1.7,3.0,1.7,0.0,0.0,11.0,10.0,11.0,10.0,0.0,0.0,1,1,3,3,3,1,0,2,1,2,0,2,43.2,36.3,50.0,50.0,50.0,50.0,6.0,5.0,0.0,0.0,0.0,0.0,13.0,10.0,0.0,0.0,0.0,0.0,497.0,557.0,0.0,0.0,0.0,0.0,288.0,340.0,0.0,0.0,0.0,0.0,16.0,25.0,0.0,0.0,0.0,0.0,29.0,32.0,0.0,0.0,0.0,0.0,6.0,5.0,0.0,0.0,0.0,0.0,3.0,1.0,0.0,0.0,0.0,0.0,4.0,0.0,0.0,0.0,0.0,0.0,10.0,9.0,0.0,0.0,0.0,0.0,0,0,1,0,0,0,0,0,0,0,0,0,0,0,1,0,0,0,1,0,0,-1,4,1,0,0,1,1,0,0,No Derby,-1,0,0,1,https://www.premierleague.com/match/74948
2022/23,4,2022-08-27,8,27,6,Andy Madley,Southampton,Man Utd,St. Mary's Stadium,31196.0,12,14,0,1,48.3,51.7,5,6,17,11,571,594,364,404,17,14,10,36,5,3,1,1,0,3,0,0,4,14,4-2-3-1,4-2-3-1,defeat,win,0,3,3,3,9,9,4,3,5,6,5,3,7,7,41.0,53.0,41.0,53.0,50.0,50.0,3.0,4.7,3.0,4.7,0.0,0.0,11.0,15.0,11.0,15.0,0.0,0.0,556.7,636.3,556.7,636.3,0.0,0.0,359.0,448.7,359.0,448.7,0.0,0.0,16.7,16.0,16.7,16.0,0.0,0.0,19.3,22.0,19.3,22.0,0.0,0.0,3.0,4.7,3.0,4.7,0.0,0.0,0.7,2.3,0.7,2.3,0.0,0.0,1.3,3.7,1.3,3.7,0.0,0.0,10.3,11.0,10.3,11.0,0.0,0.0,1,1,3,3,1,0,2,3,2,0,2,4,42.6,66.7,50.0,50.0,50.0,50.0,4.0,4.0,0.0,0.0,0.0,0.0,14.0,15.0,0.0,0.0,0.0,0.0,549.0,699.0,0.0,0.0,0.0,0.0,332.0,525.0,0.0,0.0,0.0,0.0,17.0,12.0,0.0,0.0,0.0,0.0,17.0,22.0,0.0,0.0,0.0,0.0,2.0,2.0,0.0,0.0,0.0,0.0,1.0,2.0,0.0,0.0,0.0,0.0,1.0,4.0,0.0,0.0,0.0,0.0,10.0,15.0,0.0,0.0,0.0,0.0,0,0,0,0,0,0,0,0,0,0,1,0,0,0,0,0,1,0,1,0,0,-2,-4,0,-4,0,0,0,0,0,No Derby,-1,0,0,1,https://www.premierleague.com/match/74949
2022/23,4,2022-08-27,8,27,6,John Brooks,Brentford,Everton,Gtech Community Stadium,17009.0,8,17,1,1,57.8,42.2,5,7,20,14,706,588,514,385,14,22,12,37,8,5,0,2,2,2,0,0,8,8,4-3-3,3-4-3,draw,draw,1,1,3,3,9,9,4,1,5,8,8,2,5,4,44.7,42.7,44.7,42.7,50.0,50.0,5.0,5.3,5.0,5.3,0.0,0.0,11.3,14.0,11.3,14.0,0.0,0.0,539.0,560.7,539.0,560.7,0.0,0.0,376.3,375.0,376.3,375.0,0.0,0.0,9.7,17.7,9.7,17.7,0.0,0.0,12.7,19.7,12.7,19.7,0.0,0.0,5.7,6.0,5.7,6.0,0.0,0.0,2.7,2.3,2.7,2.3,0.0,0.0,1.3,2.3,1.3,2.3,0.0,0.0,6.0,9.0,6.0,9.0,0.0,0.0,1,1,3,3,3,0,0,3,4,1,0,2,33.3,42.5,50.0,50.0,50.0,50.0,7.0,4.0,0.0,0.0,0.0,0.0,13.0,15.0,0.0,0.0,0.0,0.0,421.0,547.0,0.0,0.0,0.0,0.0,255.0,378.0,0.0,0.0,0.0,0.0,6.0,16.0,0.0,0.0,0.0,0.0,13.0,17.0,0.0,0.0,0.0,0.0,8.0,8.0,0.0,0.0,0.0,0.0,1.0,3.0,0.0,0.0,0.0,0.0,0.0,1.0,0.0,0.0,0.0,0.0,6.0,7.0,0.0,0.0,0.0,0.0,0,0,0,0,0,0,0,0,0,0,0,0,0,0,0,0,0,0,0,0,0,3,-2,4,-1,1,0,1,0,0,No Derby,0,0,1,0,https://www.premierleague.com/match/74943
2022/23,4,2022-08-27,8,27,6,Michael Salisbury,Brighton,Leeds,Amex Stadium,30953.0,5,3,1,0,42.8,57.2,4,2,13,10,542,659,353,475,14,22,8,16,5,3,2,1,2,3,0,0,10,14,4-4-2,4-2-3-1,win,defeat,3,0,3,3,9,9,7,7,2,2,4,7,1,3,47.3,45.5,47.3,45.5,50.0,50.0,4.3,5.0,4.3,5.0,0.0,0.0,13.0,12.3,13.0,12.3,0.0,0.0,568.7,575.3,568.7,575.3,0.0,0.0,395.0,375.7,395.0,375.7,0.0,0.0,16.3,24.7,16.3,24.7,0.0,0.0,19.7,18.7,19.7,18.7,0.0,0.0,4.3,5.0,4.3,5.0,0.0,0.0,1.0,0.7,1.0,0.7,0.0,0.0,1.0,1.7,1.0,1.7,0.0,0.0,9.0,13.7,9.0,13.7,0.0,0.0,1,1,3,3,1,1,2,2,0,2,0,2,54.5,57.4,50.0,50.0,50.0,50.0,7.0,5.0,0.0,0.0,0.0,0.0,13.0,13.0,0.0,0.0,0.0,0.0,542.0,661.0,0.0,0.0,0.0,0.0,374.0,454.0,0.0,0.0,0.0,0.0,18.0,27.0,0.0,0.0,0.0,0.0,19.0,20.0,0.0,0.0,0.0,0.0,7.0,5.0,0.0,0.0,0.0,0.0,1.0,1.0,0.0,0.0,0.0,0.0,2.0,3.0,0.0,0.0,0.0,0.0,8.0,12.0,0.0,0.0,0.0,0.0,0,0,0,0,0,0,0,0,0,0,0,0,0,0,0,0,0,0,0,0,0,3,4,0,0,1,1,0,0,0,No Derby,1,1,0,0,https://www.premierleague.com/match/74944
2022/23,4,2022-08-27,8,27,6,Paul Tierney,Chelsea,Leicester,Stamford Bridge,39953.0,11,19,2,1,45.1,54.9,4,5,7,17,624,710,446,524,18,17,25,14,3,11,3,1,1,2,1,0,10,7,4-4-2,4-1-4-1,win,defeat,3,0,3,3,9,9,4,1,5,8,3,5,5,8,62.4,55.8,62.4,55.8,50.0,50.0,4.0,2.7,4.0,2.7,0.0,0.0,15.0,8.7,15.0,8.7,0.0,0.0,767.7,705.7,767.7,705.7,0.0,0.0,552.3,536.0,552.3,536.0,0.0,0.0,23.0,13.3,23.0,13.3,0.0,0.0,11.0,16.0,11.0,16.0,0.0,0.0,10.0,3.0,10.0,3.0,0.0,0.0,3.7,1.0,3.7,1.0,0.0,0.0,2.0,1.7,2.0,1.7,0.0,0.0,11.7,8.7,11.7,8.7,0.0,0.0,1,1,3,3,1,0,2,3,2,2,2,4,63.7,50.1,50.0,50.0,50.0,50.0,3.0,2.0,0.0,0.0,0.0,0.0,16.0,6.0,0.0,0.0,0.0,0.0,806.0,611.0,0.0,0.0,0.0,0.0,597.0,472.0,0.0,0.0,0.0,0.0,28.0,12.0,0.0,0.0,0.0,0.0,5.0,16.0,0.0,0.0,0.0,0.0,8.0,2.0,0.0,0.0,0.0,0.0,2.0,3.0,0.0,0.0,0.0,0.0,3.0,1.0,0.0,0.0,0.0,0.0,9.0,9.0,0.0,0.0,0.0,0.0,0,1,0,0,0,0,0,0,0,1,0,0,1,1,0,0,0,1,0,0,0,-2,-3,0,-2,0,0,0,0,0,No Derby,1,1,0,0,https://www.premierleague.com/match/74945
2022/23,4,2022-08-27,8,27,6,Stuart Attwell,Liverpool,Bournemouth,Anfield,53328.0,16,15,9,0,69.4,30.6,12,2,19,5,849,455,681,303,12,20,3,17,8,1,3,0,0,1,0,0,6,5,4-3-3,4-2-3-1,win,defeat,3,0,3,3,9,9,2,3,7,6,4,2,5,7,70.0,36.5,70.0,36.5,50.0,50.0,4.3,1.7,4.3,1.7,0.0,0.0,17.3,5.3,17.3,5.3,0.0,0.0,865.7,513.3,865.7,513.3,0.0,0.0,666.0,355.0,666.0,355.0,0.0,0.0,14.7,17.3,14.7,17.3,0.0,0.0,9.7,22.3,9.7,22.3,0.0,0.0,5.3,3.0,5.3,3.0,0.0,0.0,3.0,1.0,3.0,1.0,0.0,0.0,1.0,2.7,1.0,2.7,0.0,0.0,7.7,13.0,7.7,13.0,0.0,0.0,1,1,3,3,1,0,2,3,1,0,1,4,72.6,33.3,50.0,50.0,50.0,50.0,4.0,1.0,0.0,0.0,0.0,0.0,24.0,3.0,0.0,0.0,0.0,0.0,951.0,463.0,0.0,0.0,0.0,0.0,741.0,353.0,0.0,0.0,0.0,0.0,20.0,10.0,0.0,0.0,0.0,0.0,8.0,20.0,0.0,0.0,0.0,0.0,4.0,1.0,0.0,0.0,0.0,0.0,3.0,1.0,0.0,0.0,0.0,0.0,2.0,3.0,0.0,0.0,0.0,0.0,7.0,9.0,0.0,0.0,0.0,0.0,0,1,0,1,0,1,0,0,0,1,0,0,0,1,0,0,0,1,0,0,1,-1,-5,0,-4,0,0,0,0,0,No Derby,1,1,0,0,https://www.premierleague.com/match/74946
2022/23,4,2022-08-27,8,27,6,Darren England,Man City,Crystal Palace,Etihad Stadium,53112.0,2,9,4,2,74.3,25.7,5,2,18,2,916,411,770,265,12,9,3,27,6,1,2,1,1,2,0,0,14,8,4-2-3-1,5-4-1,win,defeat,3,0,3,3,9,9,7,4,2,5,9,4,3,4,70.3,44.8,70.3,44.8,50.0,50.0,6.3,4.7,6.3,4.7,0.0,0.0,18.0,11.3,18.0,11.3,0.0,0.0,867.0,634.7,867.0,634.7,0.0,0.0,712.3,428.0,712.3,428.0,0.0,0.0,7.7,18.3,7.7,18.3,0.0,0.0,9.3,22.7,9.3,22.7,0.0,0.0,6.7,3.0,6.7,3.0,0.0,0.0,1.3,1.3,1.3,1.3,0.0,0.0,1.0,2.3,1.0,2.3,0.0,0.0,6.7,13.3,6.7,13.3,0.0,0.0,1,1,3,3,3,1,0,2,4,1,0,1,66.7,27.4,50.0,50.0,50.0,50.0,7.0,3.0,0.0,0.0,0.0,0.0,19.0,7.0,0.0,0.0,0.0,0.0,840.0,495.0,0.0,0.0,0.0,0.0,696.0,274.0,0.0,0.0,0.0,0.0,8.0,23.0,0.0,0.0,0.0,0.0,4.0,38.0,0.0,0.0,0.0,0.0,11.0,2.0,0.0,0.0,0.0,0.0,2.0,2.0,0.0,0.0,0.0,0.0,0.0,4.0,0.0,0.0,0.0,0.0,9.0,8.0,0.0,0.0,0.0,0.0,0,1,0,0,0,0,0,1,0,1,0,0,0,1,0,0,0,1,0,0,0,6,0,4,0,1,0,1,0,0,No Derby,1,1,0,0,https://www.premierleague.com/match/74947
2022/23,4,2022-08-27,8,27,6,Jarred Gillett,Arsenal,Fulham,Emirates Stadium,60164.0,1,7,2,1,72.0,28.0,8,3,22,11,793,425,595,223,15,24,5,30,9,2,1,0,2,3,0,0,6,12,4-2-3-1,4-2-3-1,win,defeat,3,0,3,3,9,9,9,5,0,4,9,5,2,4,50.6,39.1,50.6,39.1,50.0,50.0,5.0,5.0,5.0,5.0,0.0,0.0,14.3,12.0,14.3,12.0,0.0,0.0,682.0,507.3,682.0,507.3,0.0,0.0,493.3,311.0,493.3,311.0,0.0,0.0,17.0,18.7,17.0,18.7,0.0,0.0,18.3,24.7,18.3,24.7,0.0,0.0,5.0,4.3,5.0,4.3,0.0,0.0,2.3,3.0,2.3,3.0,0.0,0.0,1.3,2.7,1.3,2.7,0.0,0.0,12.0,11.3,12.0,11.3,0.0,0.0,1,1,3,3,3,1,0,2,4,0,2,0,49.9,40.4,50.0,50.0,50.0,50.0,7.0,3.0,0.0,0.0,0.0,0.0,19.0,9.0,0.0,0.0,0.0,0.0,621.0,525.0,0.0,0.0,0.0,0.0,462.0,328.0,0.0,0.0,0.0,0.0,8.0,19.0,0.0,0.0,0.0,0.0,11.0,22.0,0.0,0.0,0.0,0.0,6.0,3.0,0.0,0.0,0.0,0.0,2.0,0.0,0.0,0.0,0.0,0.0,1.0,3.0,0.0,0.0,0.0,0.0,15.0,14.0,0.0,0.0,0.0,0.0,0,0,0,0,0,0,0,0,0,0,0,0,0,0,0,1,0,1,0,0,1,7,1,2,0,1,1,1,0,0,No Derby,1,1,0,0,https://www.premierleague.com/match/74941
2022/23,3,2022-08-22,8,22,1,Michael Oliver,Man Utd,Liverpool,Old Trafford,,20,13,2,1,29.5,70.5,5,5,13,17,478,835,273,645,24,13,34,7,6,8,2,2,3,1,0,0,11,7,4-2-3-1,4-3-3,win,defeat,3,0,2,2,6,6,0,2,6,4,1,3,6,3,64.8,69.8,50.0,50.0,50.0,50.0,4.5,4.0,0.0,0.0,0.0,0.0,16.0,17.5,0.0,0.0,0.0,0.0,715.5,881.0,0.0,0.0,0.0,0.0,536.5,676.5,0.0,0.0,0.0,0.0,12.0,15.5,0.0,0.0,0.0,0.0,16.0,11.0,0.0,0.0,0.0,0.0,4.0,4.0,0.0,0.0,0.0,0.0,2.5,3.5,0.0,0.0,0.0,0.0,4.0,1.0,0.0,0.0,0.0,0.0,11.0,8.0,0.0,0.0,0.0,0.0,1,1,3,3,0,1,3,2,1,2,2,2,62.9,66.9,50.0,50.0,50.0,50.0,5.0,4.0,0.0,0.0,0.0,0.0,17.0,11.0,0.0,0.0,0.0,0.0,732.0,811.0,0.0,0.0,0.0,0.0,548.0,612.0,0.0,0.0,0.0,0.0,12.0,11.0,0.0,0.0,0.0,0.0,10.0,14.0,0.0,0.0,0.0,0.0,6.0,4.0,0.0,0.0,0.0,0.0,3.0,4.0,0.0,0.0,0.0,0.0,4.0,0.0,0.0,0.0,0.0,0.0,7.0,9.0,0.0,0.0,0.0,0.0,0,0,1,0,1,0,1,0,0,1,1,0,0,0,1,1,0,1,1,0,0,-5,0,-1,0,0,0,0,0,1,North West,1,1,0,0,https://www.premierleague.com/match/74937
2022/23,3,2022-08-21,8,21,7,Stuart Attwell,Leeds,Chelsea,Elland Road,36372.0,8,7,3,0,39.1,60.9,6,3,12,14,514,719,318,494,26,22,14,12,4,6,1,7,0,1,0,1,16,15,4-2-3-1,3-5-2,win,defeat,3,0,2,2,6,6,4,4,2,2,4,3,3,2,48.8,63.2,50.0,50.0,50.0,50.0,4.5,4.5,0.0,0.0,0.0,0.0,12.5,15.5,0.0,0.0,0.0,0.0,606.0,792.0,0.0,0.0,0.0,0.0,404.5,581.5,0.0,0.0,0.0,0.0,24.0,23.5,0.0,0.0,0.0,0.0,21.0,10.5,0.0,0.0,0.0,0.0,5.5,12.0,0.0,0.0,0.0,0.0,0.5,2.0,0.0,0.0,0.0,0.0,2.5,2.5,0.0,0.0,0.0,0.0,12.5,10.0,0.0,0.0,0.0,0.0,1,1,3,3,3,3,0,0,2,1,1,0,40.1,62.7,50.0,50.0,50.0,50.0,4.0,6.0,0.0,0.0,0.0,0.0,12.0,15.0,0.0,0.0,0.0,0.0,551.0,778.0,0.0,0.0,0.0,0.0,355.0,566.0,0.0,0.0,0.0,0.0,21.0,19.0,0.0,0.0,0.0,0.0,22.0,16.0,0.0,0.0,0.0,0.0,6.0,16.0,0.0,0.0,0.0,0.0,0.0,2.0,0.0,0.0,0.0,0.0,2.0,2.0,0.0,0.0,0.0,0.0,13.0,11.0,0.0,0.0,0.0,0.0,0,0,1,0,0,0,0,0,0,0,1,0,0,0,1,0,0,0,1,0,0,1,1,1,1,1,1,1,1,0,No Derby,1,1,0,0,https://www.premierleague.com/match/74935
2022/23,3,2022-08-21,8,21,7,Anthony Taylor,West Ham,Brighton,London Stadium,62449.0,19,6,0,2,49.6,50.4,3,2,13,11,633,655,467,485,8,17,12,16,5,4,3,1,2,0,0,0,10,7,4-2-3-1,3-5-1-1,defeat,win,0,3,2,2,6,6,0,4,6,2,0,2,3,1,40.7,45.8,50.0,50.0,50.0,50.0,3.0,5.5,0.0,0.0,0.0,0.0,12.5,14.0,0.0,0.0,0.0,0.0,488.0,525.5,0.0,0.0,0.0,0.0,322.0,350.0,0.0,0.0,0.0,0.0,15.0,16.0,0.0,0.0,0.0,0.0,17.0,21.5,0.0,0.0,0.0,0.0,4.0,4.5,0.0,0.0,0.0,0.0,3.0,1.0,0.0,0.0,0.0,0.0,0.5,1.5,0.0,0.0,0.0,0.0,9.5,10.0,0.0,0.0,0.0,0.0,1,1,3,3,0,3,3,0,0,2,2,1,24.6,37.1,50.0,50.0,50.0,50.0,1.0,4.0,0.0,0.0,0.0,0.0,6.0,15.0,0.0,0.0,0.0,0.0,391.0,509.0,0.0,0.0,0.0,0.0,263.0,326.0,0.0,0.0,0.0,0.0,14.0,14.0,0.0,0.0,0.0,0.0,17.0,24.0,0.0,0.0,0.0,0.0,1.0,2.0,0.0,0.0,0.0,0.0,4.0,1.0,0.0,0.0,0.0,0.0,0.0,1.0,0.0,0.0,0.0,0.0,8.0,12.0,0.0,0.0,0.0,0.0,0,0,0,0,0,0,0,0,0,0,0,1,0,0,0,0,0,0,0,0,0,-3,1,-2,1,0,1,0,1,0,No Derby,-1,0,0,1,https://www.premierleague.com/match/74940
2022/23,3,2022-08-21,8,21,7,Jarred Gillett,Newcastle,Man City,St. James' Park,52258.0,5,1,3,3,31.3,68.7,6,10,12,21,440,794,275,608,13,9,22,13,5,5,2,1,4,2,1,0,14,7,4-3-3,4-3-3,draw,draw,1,1,2,2,6,6,4,6,2,0,2,6,0,0,53.4,71.1,50.0,50.0,50.0,50.0,5.5,4.5,0.0,0.0,0.0,0.0,13.5,16.5,0.0,0.0,0.0,0.0,591.5,903.5,0.0,0.0,0.0,0.0,391.5,764.5,0.0,0.0,0.0,0.0,15.5,7.0,0.0,0.0,0.0,0.0,23.0,7.5,0.0,0.0,0.0,0.0,7.0,7.5,0.0,0.0,0.0,0.0,3.0,1.5,0.0,0.0,0.0,0.0,1.5,0.5,0.0,0.0,0.0,0.0,7.5,6.5,0.0,0.0,0.0,0.0,1,1,3,3,3,3,0,0,2,2,0,0,61.4,75.4,50.0,50.0,50.0,50.0,10.0,2.0,0.0,0.0,0.0,0.0,23.0,14.0,0.0,0.0,0.0,0.0,675.0,967.0,0.0,0.0,0.0,0.0,469.0,833.0,0.0,0.0,0.0,0.0,19.0,6.0,0.0,0.0,0.0,0.0,14.0,11.0,0.0,0.0,0.0,0.0,11.0,4.0,0.0,0.0,0.0,0.0,2.0,1.0,0.0,0.0,0.0,0.0,0.0,1.0,0.0,0.0,0.0,0.0,9.0,4.0,0.0,0.0,0.0,0.0,0,0,1,0,0,0,0,0,1,0,1,0,0,0,1,0,0,0,1,0,0,2,6,2,2,1,1,1,1,0,No Derby,0,0,1,0,https://www.premierleague.com/match/74938
2022/23,3,2022-08-20,8,20,6,Simon Hooper,Spurs,Wolves,Tottenham Hotspur Stadium,61298.0,4,14,1,0,49.9,50.1,4,3,11,20,661,652,472,477,18,18,17,17,8,6,2,0,2,2,0,0,10,8,3-4-2-1,3-5-2,win,defeat,3,0,2,2,6,6,4,1,2,5,6,1,3,2,46.9,59.8,50.0,50.0,50.0,50.0,6.5,3.5,0.0,0.0,0.0,0.0,14.0,11.0,0.0,0.0,0.0,0.0,645.0,732.0,0.0,0.0,0.0,0.0,447.0,521.0,0.0,0.0,0.0,0.0,24.5,17.0,0.0,0.0,0.0,0.0,25.0,15.0,0.0,0.0,0.0,0.0,7.5,4.5,0.0,0.0,0.0,0.0,1.5,1.0,0.0,0.0,0.0,0.0,1.5,1.5,0.0,0.0,0.0,0.0,10.0,8.0,0.0,0.0,0.0,0.0,1,1,3,3,3,0,0,3,4,1,1,2,57.5,59.9,50.0,50.0,50.0,50.0,8.0,6.0,0.0,0.0,0.0,0.0,18.0,15.0,0.0,0.0,0.0,0.0,733.0,773.0,0.0,0.0,0.0,0.0,554.0,546.0,0.0,0.0,0.0,0.0,24.0,16.0,0.0,0.0,0.0,0.0,18.0,16.0,0.0,0.0,0.0,0.0,10.0,4.0,0.0,0.0,0.0,0.0,2.0,1.0,0.0,0.0,0.0,0.0,3.0,0.0,0.0,0.0,0.0,0.0,11.0,9.0,0.0,0.0,0.0,0.0,0,1,0,0,0,0,0,0,0,0,0,0,0,1,0,0,0,1,0,0,0,3,-1,3,-1,1,0,1,0,0,No Derby,1,1,0,0,https://www.premierleague.com/match/74939
2022/23,3,2022-08-20,8,20,6,Andy Madley,Crystal Palace,Aston Villa,Selhurst Park,22012.0,15,9,3,1,50.8,49.2,9,5,17,13,639,612,448,428,14,26,11,8,4,2,1,1,2,1,0,0,16,14,4-3-3,4-3-3,win,defeat,3,0,2,2,6,6,1,3,5,3,1,2,3,3,41.8,61.6,50.0,50.0,50.0,50.0,2.5,3.0,0.0,0.0,0.0,0.0,8.5,13.5,0.0,0.0,0.0,0.0,632.5,733.5,0.0,0.0,0.0,0.0,418.0,544.0,0.0,0.0,0.0,0.0,20.5,12.5,0.0,0.0,0.0,0.0,28.5,12.0,0.0,0.0,0.0,0.0,2.5,5.0,0.0,0.0,0.0,0.0,1.5,3.0,0.0,0.0,0.0,0.0,2.5,3.5,0.0,0.0,0.0,0.0,12.0,12.5,0.0,0.0,0.0,0.0,1,1,3,3,0,0,3,3,0,0,2,2,56.3,65.6,50.0,50.0,50.0,50.0,2.0,2.0,0.0,0.0,0.0,0.0,10.0,15.0,0.0,0.0,0.0,0.0,770.0,770.0,0.0,0.0,0.0,0.0,562.0,571.0,0.0,0.0,0.0,0.0,18.0,10.0,0.0,0.0,0.0,0.0,19.0,8.0,0.0,0.0,0.0,0.0,3.0,5.0,0.0,0.0,0.0,0.0,1.0,4.0,0.0,0.0,0.0,0.0,1.0,3.0,0.0,0.0,0.0,0.0,16.0,16.0,0.0,0.0,0.0,0.0,0,0,0,0,0,0,0,0,0,0,0,0,0,0,0,0,0,0,0,0,0,-2,-1,-2,-2,0,0,0,0,0,No Derby,1,1,0,0,https://www.premierleague.com/match/74932
2022/23,3,2022-08-20,8,20,6,Andre Marriner,Everton,Nott'm Forest,Goodison Park,39271.0,18,10,1,1,48.3,51.7,8,5,19,14,602,613,412,444,13,22,15,20,6,2,4,1,3,2,0,0,6,9,3-4-3,3-4-1-2,draw,draw,1,1,2,2,6,6,0,3,6,3,1,1,3,2,39.9,40.9,50.0,50.0,50.0,50.0,4.0,3.0,0.0,0.0,0.0,0.0,11.5,9.0,0.0,0.0,0.0,0.0,540.0,500.5,0.0,0.0,0.0,0.0,356.5,291.0,0.0,0.0,0.0,0.0,20.0,15.5,0.0,0.0,0.0,0.0,22.0,32.5,0.0,0.0,0.0,0.0,6.0,3.5,0.0,0.0,0.0,0.0,1.5,1.5,0.0,0.0,0.0,0.0,2.0,3.5,0.0,0.0,0.0,0.0,10.5,12.0,0.0,0.0,0.0,0.0,1,1,3,3,0,0,3,3,0,0,1,2,37.3,38.6,50.0,50.0,50.0,50.0,4.0,0.0,0.0,0.0,0.0,0.0,8.0,5.0,0.0,0.0,0.0,0.0,533.0,504.0,0.0,0.0,0.0,0.0,335.0,294.0,0.0,0.0,0.0,0.0,24.0,15.0,0.0,0.0,0.0,0.0,27.0,36.0,0.0,0.0,0.0,0.0,4.0,1.0,0.0,0.0,0.0,0.0,0.0,0.0,0.0,0.0,0.0,0.0,3.0,3.0,0.0,0.0,0.0,0.0,14.0,14.0,0.0,0.0,0.0,0.0,0,0,0,0,0,0,0,0,0,0,0,0,0,0,0,0,0,0,0,0,0,-2,-1,-1,-2,0,0,0,0,0,No Derby,0,0,1,0,https://www.premierleague.com/match/74933
2022/23,3,2022-08-20,8,20,6,Peter Bankes,Fulham,Brentford,Craven Cottage,21798.0,12,3,3,2,43.7,56.3,9,5,18,13,498,592,311,417,12,12,22,9,6,3,5,7,3,2,0,0,13,7,4-2-3-1,4-3-3,win,defeat,3,0,2,2,6,6,2,4,4,2,2,6,2,2,36.8,39.0,50.0,50.0,50.0,50.0,3.0,5.0,0.0,0.0,0.0,0.0,9.0,10.5,0.0,0.0,0.0,0.0,512.0,512.5,0.0,0.0,0.0,0.0,311.0,356.0,0.0,0.0,0.0,0.0,22.0,8.5,0.0,0.0,0.0,0.0,26.0,14.5,0.0,0.0,0.0,0.0,3.5,7.0,0.0,0.0,0.0,0.0,2.0,0.5,0.0,0.0,0.0,0.0,2.5,1.0,0.0,0.0,0.0,0.0,10.5,5.5,0.0,0.0,0.0,0.0,1,1,3,3,1,1,2,2,2,2,2,2,33.1,44.6,50.0,50.0,50.0,50.0,3.0,3.0,0.0,0.0,0.0,0.0,9.0,8.0,0.0,0.0,0.0,0.0,499.0,604.0,0.0,0.0,0.0,0.0,294.0,457.0,0.0,0.0,0.0,0.0,25.0,11.0,0.0,0.0,0.0,0.0,30.0,16.0,0.0,0.0,0.0,0.0,4.0,6.0,0.0,0.0,0.0,0.0,4.0,0.0,0.0,0.0,0.0,0.0,2.0,2.0,0.0,0.0,0.0,0.0,7.0,5.0,0.0,0.0,0.0,0.0,0,0,0,0,0,0,0,0,0,0,0,0,0,0,0,0,0,0,0,1,0,0,4,0,0,0,1,0,0,0,No Derby,1,1,0,0,https://www.premierleague.com/match/74934
2022/23,3,2022-08-20,8,20,6,Michael Salisbury,Leicester,Southampton,King Power Stadium,30850.0,16,17,1,2,62.0,38.0,1,3,6,9,758,525,556,335,15,19,20,22,2,5,0,1,2,3,0,0,11,15,4-1-4-1,4-2-3-1,defeat,win,0,3,2,2,6,6,1,1,5,5,4,3,6,6,52.8,42.6,50.0,50.0,50.0,50.0,3.5,3.0,0.0,0.0,0.0,0.0,10.0,12.0,0.0,0.0,0.0,0.0,679.5,572.5,0.0,0.0,0.0,0.0,526.0,371.0,0.0,0.0,0.0,0.0,12.5,15.5,0.0,0.0,0.0,0.0,14.0,18.0,0.0,0.0,0.0,0.0,3.5,2.0,0.0,0.0,0.0,0.0,1.5,0.5,0.0,0.0,0.0,0.0,1.5,0.5,0.0,0.0,0.0,0.0,7.5,8.0,0.0,0.0,0.0,0.0,1,1,3,3,1,0,2,3,2,1,2,4,55.4,42.5,50.0,50.0,50.0,50.0,5.0,2.0,0.0,0.0,0.0,0.0,14.0,10.0,0.0,0.0,0.0,0.0,748.0,596.0,0.0,0.0,0.0,0.0,580.0,410.0,0.0,0.0,0.0,0.0,13.0,14.0,0.0,0.0,0.0,0.0,12.0,19.0,0.0,0.0,0.0,0.0,5.0,2.0,0.0,0.0,0.0,0.0,0.0,0.0,0.0,0.0,0.0,0.0,2.0,0.0,0.0,0.0,0.0,0.0,6.0,6.0,0.0,0.0,0.0,0.0,0,0,0,0,0,0,0,0,0,0,0,1,0,0,0,0,0,0,0,0,0,-2,-3,0,-3,0,0,0,0,0,No Derby,-1,0,0,1,https://www.premierleague.com/match/74936
2022/23,3,2022-08-20,8,20,6,Craig Pawson,Bournemouth,Arsenal,Vitality Stadium,10423.0,11,2,0,3,41.8,58.2,1,6,6,14,576,773,411,580,22,14,11,20,3,4,1,3,2,1,0,0,12,10,3-1-4-2,4-2-3-1,defeat,win,0,3,2,2,6,6,3,6,3,0,2,6,4,2,33.8,46.8,50.0,50.0,50.0,50.0,2.0,4.5,0.0,0.0,0.0,0.0,5.0,14.5,0.0,0.0,0.0,0.0,482.0,636.5,0.0,0.0,0.0,0.0,327.0,450.0,0.0,0.0,0.0,0.0,15.0,18.5,0.0,0.0,0.0,0.0,28.0,17.5,0.0,0.0,0.0,0.0,3.0,5.5,0.0,0.0,0.0,0.0,1.0,2.0,0.0,0.0,0.0,0.0,3.0,1.5,0.0,0.0,0.0,0.0,13.5,13.0,0.0,0.0,0.0,0.0,1,1,3,3,3,3,0,0,2,2,0,0,34.4,43.7,50.0,50.0,50.0,50.0,3.0,2.0,0.0,0.0,0.0,0.0,7.0,10.0,0.0,0.0,0.0,0.0,501.0,652.0,0.0,0.0,0.0,0.0,301.0,438.0,0.0,0.0,0.0,0.0,20.0,29.0,0.0,0.0,0.0,0.0,36.0,24.0,0.0,0.0,0.0,0.0,5.0,5.0,0.0,0.0,0.0,0.0,1.0,2.0,0.0,0.0,0.0,0.0,3.0,2.0,0.0,0.0,0.0,0.0,18.0,11.0,0.0,0.0,0.0,0.0,0,0,0,0,0,0,0,0,0,0,0,0,0,0,0,0,1,0,1,1,0,-2,4,2,2,0,1,1,1,0,No Derby,-1,0,0,1,https://www.premierleague.com/match/74931
2022/23,2,2022-08-15,8,15,1,Paul Tierney,Liverpool,Crystal Palace,Anfield,52970.0,12,17,1,1,72.6,27.4,4,3,24,7,951,495,741,274,20,23,8,38,4,2,3,2,2,4,1,0,7,8,4-3-3,5-4-1,draw,draw,1,1,1,1,3,3,1,0,2,3,2,0,2,2,66.9,56.3,50.0,50.0,50.0,50.0,4.0,2.0,0.0,0.0,0.0,0.0,11.0,10.0,0.0,0.0,0.0,0.0,811.0,770.0,0.0,0.0,0.0,0.0,612.0,562.0,0.0,0.0,0.0,0.0,11.0,18.0,0.0,0.0,0.0,0.0,14.0,19.0,0.0,0.0,0.0,0.0,4.0,3.0,0.0,0.0,0.0,0.0,4.0,1.0,0.0,0.0,0.0,0.0,0.0,1.0,0.0,0.0,0.0,0.0,9.0,16.0,0.0,0.0,0.0,0.0,0,0,0,0,0,0,0,0,0,0,0,0,50.0,50.0,50.0,50.0,50.0,50.0,0.0,0.0,0.0,0.0,0.0,0.0,0.0,0.0,0.0,0.0,0.0,0.0,0.0,0.0,0.0,0.0,0.0,0.0,0.0,0.0,0.0,0.0,0.0,0.0,0.0,0.0,0.0,0.0,0.0,0.0,0.0,0.0,0.0,0.0,0.0,0.0,0.0,0.0,0.0,0.0,0.0,0.0,0.0,0.0,0.0,0.0,0.0,0.0,0.0,0.0,0.0,0.0,0.0,0.0,0.0,0.0,0.0,0.0,0.0,0.0,0,1,0,1,0,1,0,0,0,1,0,0,0,1,0,0,0,1,0,0,0,0,-2,0,0,0,0,0,0,0,No Derby,0,0,1,0,https://www.premierleague.com/match/74926
2022/23,2,2022-08-14,8,14,7,Robert Jones,Nott'm Forest,West Ham,The City Ground,29281.0,18,19,1,0,43.2,56.8,6,5,13,19,497,585,288,381,16,16,29,17,6,7,3,2,4,1,0,0,10,11,3-4-1-2,4-3-3,win,defeat,3,0,1,1,3,3,0,0,3,3,0,0,2,2,38.6,24.6,50.0,50.0,50.0,50.0,0.0,1.0,0.0,0.0,0.0,0.0,5.0,6.0,0.0,0.0,0.0,0.0,504.0,391.0,0.0,0.0,0.0,0.0,294.0,263.0,0.0,0.0,0.0,0.0,15.0,14.0,0.0,0.0,0.0,0.0,36.0,17.0,0.0,0.0,0.0,0.0,1.0,1.0,0.0,0.0,0.0,0.0,0.0,4.0,0.0,0.0,0.0,0.0,3.0,0.0,0.0,0.0,0.0,0.0,14.0,8.0,0.0,0.0,0.0,0.0,0,0,0,0,0,0,0,0,0,0,0,0,50.0,50.0,50.0,50.0,50.0,50.0,0.0,0.0,0.0,0.0,0.0,0.0,0.0,0.0,0.0,0.0,0.0,0.0,0.0,0.0,0.0,0.0,0.0,0.0,0.0,0.0,0.0,0.0,0.0,0.0,0.0,0.0,0.0,0.0,0.0,0.0,0.0,0.0,0.0,0.0,0.0,0.0,0.0,0.0,0.0,0.0,0.0,0.0,0.0,0.0,0.0,0.0,0.0,0.0,0.0,0.0,0.0,0.0,0.0,0.0,0.0,0.0,0.0,0.0,0.0,0.0,0,0,0,0,0,0,0,0,0,0,0,0,1,0,0,0,0,0,0,0,0,-2,-2,0,0,0,0,0,0,0,No Derby,1,1,0,0,https://www.premierleague.com/match/74928
2022/23,2,2022-08-14,8,14,7,Anthony Taylor,Chelsea,Spurs,Stamford Bridge,39946.0,7,1,2,2,63.7,36.3,3,5,16,10,806,557,597,340,28,25,5,32,8,5,2,1,3,0,0,0,9,9,3-5-2,3-4-2-1,draw,draw,1,1,1,1,3,3,3,3,0,0,1,4,0,1,62.7,57.5,50.0,50.0,50.0,50.0,6.0,8.0,0.0,0.0,0.0,0.0,15.0,18.0,0.0,0.0,0.0,0.0,778.0,733.0,0.0,0.0,0.0,0.0,566.0,554.0,0.0,0.0,0.0,0.0,19.0,24.0,0.0,0.0,0.0,0.0,16.0,18.0,0.0,0.0,0.0,0.0,16.0,10.0,0.0,0.0,0.0,0.0,2.0,2.0,0.0,0.0,0.0,0.0,2.0,3.0,0.0,0.0,0.0,0.0,11.0,11.0,0.0,0.0,0.0,0.0,0,0,0,0,0,0,0,0,0,0,0,0,50.0,50.0,50.0,50.0,50.0,50.0,0.0,0.0,0.0,0.0,0.0,0.0,0.0,0.0,0.0,0.0,0.0,0.0,0.0,0.0,0.0,0.0,0.0,0.0,0.0,0.0,0.0,0.0,0.0,0.0,0.0,0.0,0.0,0.0,0.0,0.0,0.0,0.0,0.0,0.0,0.0,0.0,0.0,0.0,0.0,0.0,0.0,0.0,0.0,0.0,0.0,0.0,0.0,0.0,0.0,0.0,0.0,0.0,0.0,0.0,0.0,0.0,0.0,0.0,0.0,0.0,0,1,1,0,0,0,0,0,0,1,0,0,0,1,1,0,0,1,1,0,0,1,3,0,0,1,1,0,0,1,North West London,0,0,1,0,https://www.premierleague.com/match/74925
2022/23,2,2022-08-13,8,13,6,Michael Oliver,Aston Villa,Everton,Villa Park,41883.0,16,13,2,1,57.5,42.5,4,4,12,15,697,547,517,378,15,16,16,17,5,8,2,3,4,1,0,0,9,7,4-1-2-1-2,3-4-3,win,defeat,3,0,1,1,3,3,0,0,3,3,0,0,2,1,65.6,37.3,50.0,50.0,50.0,50.0,2.0,4.0,0.0,0.0,0.0,0.0,15.0,8.0,0.0,0.0,0.0,0.0,770.0,533.0,0.0,0.0,0.0,0.0,571.0,335.0,0.0,0.0,0.0,0.0,10.0,24.0,0.0,0.0,0.0,0.0,8.0,27.0,0.0,0.0,0.0,0.0,5.0,4.0,0.0,0.0,0.0,0.0,4.0,0.0,0.0,0.0,0.0,0.0,3.0,3.0,0.0,0.0,0.0,0.0,16.0,14.0,0.0,0.0,0.0,0.0,0,0,0,0,0,0,0,0,0,0,0,0,50.0,50.0,50.0,50.0,50.0,50.0,0.0,0.0,0.0,0.0,0.0,0.0,0.0,0.0,0.0,0.0,0.0,0.0,0.0,0.0,0.0,0.0,0.0,0.0,0.0,0.0,0.0,0.0,0.0,0.0,0.0,0.0,0.0,0.0,0.0,0.0,0.0,0.0,0.0,0.0,0.0,0.0,0.0,0.0,0.0,0.0,0.0,0.0,0.0,0.0,0.0,0.0,0.0,0.0,0.0,0.0,0.0,0.0,0.0,0.0,0.0,0.0,0.0,0.0,0.0,0.0,0,0,0,0,0,0,0,0,0,0,0,0,0,0,0,0,0,0,0,0,0,-2,-1,0,0,0,0,0,0,0,No Derby,1,1,0,0,https://www.premierleague.com/match/74922
2022/23,2,2022-08-13,8,13,6,Darren England,Arsenal,Leicester,Emirates Stadium,60033.0,2,11,4,2,49.9,50.1,7,2,19,6,621,611,462,472,8,12,11,16,6,2,2,3,1,1,0,0,15,9,4-2-3-1,3-5-1-1,win,defeat,3,0,1,1,3,3,3,1,0,2,2,2,0,2,43.7,55.4,50.0,50.0,50.0,50.0,2.0,5.0,0.0,0.0,0.0,0.0,10.0,14.0,0.0,0.0,0.0,0.0,652.0,748.0,0.0,0.0,0.0,0.0,438.0,580.0,0.0,0.0,0.0,0.0,29.0,13.0,0.0,0.0,0.0,0.0,24.0,12.0,0.0,0.0,0.0,0.0,5.0,5.0,0.0,0.0,0.0,0.0,2.0,0.0,0.0,0.0,0.0,0.0,2.0,2.0,0.0,0.0,0.0,0.0,11.0,6.0,0.0,0.0,0.0,0.0,0,0,0,0,0,0,0,0,0,0,0,0,50.0,50.0,50.0,50.0,50.0,50.0,0.0,0.0,0.0,0.0,0.0,0.0,0.0,0.0,0.0,0.0,0.0,0.0,0.0,0.0,0.0,0.0,0.0,0.0,0.0,0.0,0.0,0.0,0.0,0.0,0.0,0.0,0.0,0.0,0.0,0.0,0.0,0.0,0.0,0.0,0.0,0.0,0.0,0.0,0.0,0.0,0.0,0.0,0.0,0.0,0.0,0.0,0.0,0.0,0.0,0.0,0.0,0.0,0.0,0.0,0.0,0.0,0.0,0.0,0.0,0.0,0,0,0,0,0,0,0,0,0,0,0,0,1,0,0,1,0,1,0,0,0,2,0,0,0,1,0,0,0,0,No Derby,1,1,0,0,https://www.premierleague.com/match/74921
2022/23,2,2022-08-13,8,13,6,Graham Scott,Brighton,Newcastle,Amex Stadium,31552.0,6,5,0,0,54.5,45.5,7,1,13,4,542,508,374,314,18,12,19,32,7,3,1,4,2,3,0,0,8,6,3-4-1-2,4-3-3,draw,draw,1,1,1,1,3,3,3,3,0,0,2,2,1,0,37.1,61.4,50.0,50.0,50.0,50.0,4.0,10.0,0.0,0.0,0.0,0.0,15.0,23.0,0.0,0.0,0.0,0.0,509.0,675.0,0.0,0.0,0.0,0.0,326.0,469.0,0.0,0.0,0.0,0.0,14.0,19.0,0.0,0.0,0.0,0.0,24.0,14.0,0.0,0.0,0.0,0.0,2.0,11.0,0.0,0.0,0.0,0.0,1.0,2.0,0.0,0.0,0.0,0.0,1.0,0.0,0.0,0.0,0.0,0.0,12.0,9.0,0.0,0.0,0.0,0.0,0,0,0,0,0,0,0,0,0,0,0,0,50.0,50.0,50.0,50.0,50.0,50.0,0.0,0.0,0.0,0.0,0.0,0.0,0.0,0.0,0.0,0.0,0.0,0.0,0.0,0.0,0.0,0.0,0.0,0.0,0.0,0.0,0.0,0.0,0.0,0.0,0.0,0.0,0.0,0.0,0.0,0.0,0.0,0.0,0.0,0.0,0.0,0.0,0.0,0.0,0.0,0.0,0.0,0.0,0.0,0.0,0.0,0.0,0.0,0.0,0.0,0.0,0.0,0.0,0.0,0.0,0.0,0.0,0.0,0.0,0.0,0.0,0,0,0,0,0,0,0,0,0,0,0,0,0,0,0,0,0,0,0,0,0,1,2,0,0,1,1,0,0,0,No Derby,0,0,1,0,https://www.premierleague.com/match/74924
2022/23,2,2022-08-13,8,13,6,David Coote,Man City,Bournemouth,Etihad Stadium,53453.0,4,3,4,0,66.7,33.3,7,1,19,3,840,463,696,353,8,10,4,20,11,1,2,1,0,3,0,0,9,9,4-2-3-1,3-4-2-1,win,defeat,3,0,1,1,3,3,3,3,0,0,2,2,0,0,75.4,34.4,50.0,50.0,50.0,50.0,2.0,3.0,0.0,0.0,0.0,0.0,14.0,7.0,0.0,0.0,0.0,0.0,967.0,501.0,0.0,0.0,0.0,0.0,833.0,301.0,0.0,0.0,0.0,0.0,6.0,20.0,0.0,0.0,0.0,0.0,11.0,36.0,0.0,0.0,0.0,0.0,4.0,5.0,0.0,0.0,0.0,0.0,1.0,1.0,0.0,0.0,0.0,0.0,1.0,3.0,0.0,0.0,0.0,0.0,4.0,18.0,0.0,0.0,0.0,0.0,0,0,0,0,0,0,0,0,0,0,0,0,50.0,50.0,50.0,50.0,50.0,50.0,0.0,0.0,0.0,0.0,0.0,0.0,0.0,0.0,0.0,0.0,0.0,0.0,0.0,0.0,0.0,0.0,0.0,0.0,0.0,0.0,0.0,0.0,0.0,0.0,0.0,0.0,0.0,0.0,0.0,0.0,0.0,0.0,0.0,0.0,0.0,0.0,0.0,0.0,0.0,0.0,0.0,0.0,0.0,0.0,0.0,0.0,0.0,0.0,0.0,0.0,0.0,0.0,0.0,0.0,0.0,0.0,0.0,0.0,0.0,0.0,0,1,0,0,0,0,0,1,0,1,0,0,0,1,0,0,0,1,0,0,1,2,2,0,0,1,1,0,0,0,No Derby,1,1,0,0,https://www.premierleague.com/match/74927
2022/23,2,2022-08-13,8,13,6,Tony Harrington,Southampton,Leeds,St. Mary's Stadium,30815.0,20,8,2,2,42.6,57.4,4,5,14,13,549,661,332,454,17,27,17,20,2,5,1,1,1,3,0,0,10,12,3-4-2-1,4-2-3-1,draw,draw,1,1,1,1,3,3,0,3,3,0,1,2,4,1,42.5,40.1,50.0,50.0,50.0,50.0,2.0,4.0,0.0,0.0,0.0,0.0,10.0,12.0,0.0,0.0,0.0,0.0,596.0,551.0,0.0,0.0,0.0,0.0,410.0,355.0,0.0,0.0,0.0,0.0,14.0,21.0,0.0,0.0,0.0,0.0,19.0,22.0,0.0,0.0,0.0,0.0,2.0,6.0,0.0,0.0,0.0,0.0,0.0,0.0,0.0,0.0,0.0,0.0,0.0,2.0,0.0,0.0,0.0,0.0,6.0,13.0,0.0,0.0,0.0,0.0,0,0,0,0,0,0,0,0,0,0,0,0,50.0,50.0,50.0,50.0,50.0,50.0,0.0,0.0,0.0,0.0,0.0,0.0,0.0,0.0,0.0,0.0,0.0,0.0,0.0,0.0,0.0,0.0,0.0,0.0,0.0,0.0,0.0,0.0,0.0,0.0,0.0,0.0,0.0,0.0,0.0,0.0,0.0,0.0,0.0,0.0,0.0,0.0,0.0,0.0,0.0,0.0,0.0,0.0,0.0,0.0,0.0,0.0,0.0,0.0,0.0,0.0,0.0,0.0,0.0,0.0,0.0,0.0,0.0,0.0,0.0,0.0,0,0,0,0,0,0,0,0,0,0,0,0,0,0,0,0,0,0,0,0,0,-3,1,0,0,0,1,0,0,0,No Derby,0,0,1,0,https://www.premierleague.com/match/74929
2022/23,2,2022-08-13,8,13,6,John Brooks,Wolves,Fulham,Molineux Stadium,31178.0,15,10,0,0,59.6,40.4,1,3,7,9,691,525,496,328,18,19,14,22,5,3,1,0,3,3,0,0,7,14,4-2-3-1,4-2-3-1,draw,draw,1,1,1,1,3,3,0,1,3,2,1,2,2,2,59.9,33.1,50.0,50.0,50.0,50.0,6.0,3.0,0.0,0.0,0.0,0.0,15.0,9.0,0.0,0.0,0.0,0.0,773.0,499.0,0.0,0.0,0.0,0.0,546.0,294.0,0.0,0.0,0.0,0.0,16.0,25.0,0.0,0.0,0.0,0.0,16.0,30.0,0.0,0.0,0.0,0.0,4.0,4.0,0.0,0.0,0.0,0.0,1.0,4.0,0.0,0.0,0.0,0.0,0.0,2.0,0.0,0.0,0.0,0.0,9.0,7.0,0.0,0.0,0.0,0.0,0,0,0,0,0,0,0,0,0,0,0,0,50.0,50.0,50.0,50.0,50.0,50.0,0.0,0.0,0.0,0.0,0.0,0.0,0.0,0.0,0.0,0.0,0.0,0.0,0.0,0.0,0.0,0.0,0.0,0.0,0.0,0.0,0.0,0.0,0.0,0.0,0.0,0.0,0.0,0.0,0.0,0.0,0.0,0.0,0.0,0.0,0.0,0.0,0.0,0.0,0.0,0.0,0.0,0.0,0.0,0.0,0.0,0.0,0.0,0.0,0.0,0.0,0.0,0.0,0.0,0.0,0.0,0.0,0.0,0.0,0.0,0.0,0,0,0,0,0,0,0,0,0,0,0,0,0,0,0,0,0,0,0,0,1,-1,0,0,0,0,0,0,0,0,No Derby,0,0,1,0,https://www.premierleague.com/match/74930
2022/23,2,2022-08-13,8,13,6,Stuart Attwell,Brentford,Man Utd,Gtech Community Stadium,17051.0,9,14,4,0,33.3,66.7,7,4,13,15,421,699,255,525,6,12,13,22,8,2,1,2,0,4,0,0,6,15,5-3-2,4-2-3-1,win,defeat,3,0,1,1,3,3,1,0,2,3,2,1,2,2,44.6,62.9,50.0,50.0,50.0,50.0,3.0,5.0,0.0,0.0,0.0,0.0,8.0,17.0,0.0,0.0,0.0,0.0,604.0,732.0,0.0,0.0,0.0,0.0,457.0,548.0,0.0,0.0,0.0,0.0,11.0,12.0,0.0,0.0,0.0,0.0,16.0,10.0,0.0,0.0,0.0,0.0,6.0,6.0,0.0,0.0,0.0,0.0,0.0,3.0,0.0,0.0,0.0,0.0,2.0,4.0,0.0,0.0,0.0,0.0,5.0,7.0,0.0,0.0,0.0,0.0,0,0,0,0,0,0,0,0,0,0,0,0,50.0,50.0,50.0,50.0,50.0,50.0,0.0,0.0,0.0,0.0,0.0,0.0,0.0,0.0,0.0,0.0,0.0,0.0,0.0,0.0,0.0,0.0,0.0,0.0,0.0,0.0,0.0,0.0,0.0,0.0,0.0,0.0,0.0,0.0,0.0,0.0,0.0,0.0,0.0,0.0,0.0,0.0,0.0,0.0,0.0,0.0,0.0,0.0,0.0,0.0,0.0,0.0,0.0,0.0,0.0,0.0,0.0,0.0,0.0,0.0,0.0,0.0,0.0,0.0,0.0,0.0,0,0,0,0,0,0,0,0,0,0,1,0,0,0,0,0,1,0,1,0,0,0,-1,0,0,0,0,0,0,0,No Derby,1,1,0,0,https://www.premierleague.com/match/74923
2022/23,1,2022-08-07,8,7,7,Jarred Gillett,Leicester,Brentford,King Power Stadium,31794.0,11,4,2,2,55.4,44.6,5,3,14,8,748,604,580,457,13,11,12,16,5,6,0,0,2,2,0,0,6,5,3-5-1-1,4-3-3,draw,draw,1,1,0,0,0,0,0,0,0,0,0,0,0,0,50.0,50.0,50.0,50.0,50.0,50.0,0.0,0.0,0.0,0.0,0.0,0.0,0.0,0.0,0.0,0.0,0.0,0.0,0.0,0.0,0.0,0.0,0.0,0.0,0.0,0.0,0.0,0.0,0.0,0.0,0.0,0.0,0.0,0.0,0.0,0.0,0.0,0.0,0.0,0.0,0.0,0.0,0.0,0.0,0.0,0.0,0.0,0.0,0.0,0.0,0.0,0.0,0.0,0.0,0.0,0.0,0.0,0.0,0.0,0.0,0.0,0.0,0.0,0.0,0.0,0.0,0,0,0,0,0,0,0,0,0,0,0,0,50.0,50.0,50.0,50.0,50.0,50.0,0.0,0.0,0.0,0.0,0.0,0.0,0.0,0.0,0.0,0.0,0.0,0.0,0.0,0.0,0.0,0.0,0.0,0.0,0.0,0.0,0.0,0.0,0.0,0.0,0.0,0.0,0.0,0.0,0.0,0.0,0.0,0.0,0.0,0.0,0.0,0.0,0.0,0.0,0.0,0.0,0.0,0.0,0.0,0.0,0.0,0.0,0.0,0.0,0.0,0.0,0.0,0.0,0.0,0.0,0.0,0.0,0.0,0.0,0.0,0.0,0,0,0,0,0,0,0,0,0,0,0,1,0,0,0,0,0,0,0,0,0,0,0,0,0,0,0,0,0,0,No Derby,0,0,1,0,https://www.premierleague.com/match/74916
2022/23,1,2022-08-07,8,7,7,Paul Tierney,Man Utd,Brighton,Old Trafford,73711.0,14,5,1,2,62.9,37.1,5,4,17,15,732,509,548,326,12,14,10,24,6,2,3,1,4,1,0,0,7,12,,,defeat,win,0,3,0,0,0,0,0,0,0,0,0,0,0,0,50.0,50.0,50.0,50.0,50.0,50.0,0.0,0.0,0.0,0.0,0.0,0.0,0.0,0.0,0.0,0.0,0.0,0.0,0.0,0.0,0.0,0.0,0.0,0.0,0.0,0.0,0.0,0.0,0.0,0.0,0.0,0.0,0.0,0.0,0.0,0.0,0.0,0.0,0.0,0.0,0.0,0.0,0.0,0.0,0.0,0.0,0.0,0.0,0.0,0.0,0.0,0.0,0.0,0.0,0.0,0.0,0.0,0.0,0.0,0.0,0.0,0.0,0.0,0.0,0.0,0.0,0,0,0,0,0,0,0,0,0,0,0,0,50.0,50.0,50.0,50.0,50.0,50.0,0.0,0.0,0.0,0.0,0.0,0.0,0.0,0.0,0.0,0.0,0.0,0.0,0.0,0.0,0.0,0.0,0.0,0.0,0.0,0.0,0.0,0.0,0.0,0.0,0.0,0.0,0.0,0.0,0.0,0.0,0.0,0.0,0.0,0.0,0.0,0.0,0.0,0.0,0.0,0.0,0.0,0.0,0.0,0.0,0.0,0.0,0.0,0.0,0.0,0.0,0.0,0.0,0.0,0.0,0.0,0.0,0.0,0.0,0.0,0.0,0,0,0,0,0,0,0,0,0,1,0,0,0,0,0,1,0,1,0,0,0,0,0,0,0,0,0,0,0,0,No Derby,-1,0,0,1,https://www.premierleague.com/match/74919
2022/23,1,2022-08-07,8,7,7,Michael Oliver,West Ham,Man City,London Stadium,62443.0,19,13,0,2,24.6,75.4,1,2,6,14,391,967,263,833,14,6,17,11,1,4,4,1,0,1,0,0,8,4,4-2-3-1,4-3-3,defeat,win,0,3,0,0,0,0,0,0,0,0,0,0,0,0,50.0,50.0,50.0,50.0,50.0,50.0,0.0,0.0,0.0,0.0,0.0,0.0,0.0,0.0,0.0,0.0,0.0,0.0,0.0,0.0,0.0,0.0,0.0,0.0,0.0,0.0,0.0,0.0,0.0,0.0,0.0,0.0,0.0,0.0,0.0,0.0,0.0,0.0,0.0,0.0,0.0,0.0,0.0,0.0,0.0,0.0,0.0,0.0,0.0,0.0,0.0,0.0,0.0,0.0,0.0,0.0,0.0,0.0,0.0,0.0,0.0,0.0,0.0,0.0,0.0,0.0,0,0,0,0,0,0,0,0,0,0,0,0,50.0,50.0,50.0,50.0,50.0,50.0,0.0,0.0,0.0,0.0,0.0,0.0,0.0,0.0,0.0,0.0,0.0,0.0,0.0,0.0,0.0,0.0,0.0,0.0,0.0,0.0,0.0,0.0,0.0,0.0,0.0,0.0,0.0,0.0,0.0,0.0,0.0,0.0,0.0,0.0,0.0,0.0,0.0,0.0,0.0,0.0,0.0,0.0,0.0,0.0,0.0,0.0,0.0,0.0,0.0,0.0,0.0,0.0,0.0,0.0,0.0,0.0,0.0,0.0,0.0,0.0,0,0,1,0,0,0,0,0,1,0,1,1,0,0,1,0,0,0,1,0,0,0,0,0,0,0,0,0,0,0,No Derby,-1,0,0,1,https://www.premierleague.com/match/74920
2022/23,1,2022-08-06,8,6,6,Andy Madley,Fulham,Liverpool,Craven Cottage,25000.0,9,12,2,2,33.1,66.9,3,4,9,11,499,811,294,612,25,11,30,14,4,4,4,4,2,0,0,0,7,9,4-2-3-1,4-3-3,draw,draw,1,1,0,0,0,0,0,0,0,0,0,0,0,0,50.0,50.0,50.0,50.0,50.0,50.0,0.0,0.0,0.0,0.0,0.0,0.0,0.0,0.0,0.0,0.0,0.0,0.0,0.0,0.0,0.0,0.0,0.0,0.0,0.0,0.0,0.0,0.0,0.0,0.0,0.0,0.0,0.0,0.0,0.0,0.0,0.0,0.0,0.0,0.0,0.0,0.0,0.0,0.0,0.0,0.0,0.0,0.0,0.0,0.0,0.0,0.0,0.0,0.0,0.0,0.0,0.0,0.0,0.0,0.0,0.0,0.0,0.0,0.0,0.0,0.0,0,0,0,0,0,0,0,0,0,0,0,0,50.0,50.0,50.0,50.0,50.0,50.0,0.0,0.0,0.0,0.0,0.0,0.0,0.0,0.0,0.0,0.0,0.0,0.0,0.0,0.0,0.0,0.0,0.0,0.0,0.0,0.0,0.0,0.0,0.0,0.0,0.0,0.0,0.0,0.0,0.0,0.0,0.0,0.0,0.0,0.0,0.0,0.0,0.0,0.0,0.0,0.0,0.0,0.0,0.0,0.0,0.0,0.0,0.0,0.0,0.0,0.0,0.0,0.0,0.0,0.0,0.0,0.0,0.0,0.0,0.0,0.0,0,0,1,0,1,0,1,0,0,0,1,0,0,0,1,0,0,0,1,1,0,0,0,0,0,0,0,0,0,0,No Derby,0,0,1,0,https://www.premierleague.com/match/74914
2022/23,1,2022-08-06,8,6,6,Peter Bankes,Bournemouth,Aston Villa,Vitality Stadium,10000.0,3,2,2,0,34.4,65.6,3,2,7,15,501,770,301,571,20,10,36,8,5,5,1,4,3,3,0,0,18,16,3-4-2-1,4-3-3,win,defeat,3,0,0,0,0,0,0,0,0,0,0,0,0,0,50.0,50.0,50.0,50.0,50.0,50.0,0.0,0.0,0.0,0.0,0.0,0.0,0.0,0.0,0.0,0.0,0.0,0.0,0.0,0.0,0.0,0.0,0.0,0.0,0.0,0.0,0.0,0.0,0.0,0.0,0.0,0.0,0.0,0.0,0.0,0.0,0.0,0.0,0.0,0.0,0.0,0.0,0.0,0.0,0.0,0.0,0.0,0.0,0.0,0.0,0.0,0.0,0.0,0.0,0.0,0.0,0.0,0.0,0.0,0.0,0.0,0.0,0.0,0.0,0.0,0.0,0,0,0,0,0,0,0,0,0,0,0,0,50.0,50.0,50.0,50.0,50.0,50.0,0.0,0.0,0.0,0.0,0.0,0.0,0.0,0.0,0.0,0.0,0.0,0.0,0.0,0.0,0.0,0.0,0.0,0.0,0.0,0.0,0.0,0.0,0.0,0.0,0.0,0.0,0.0,0.0,0.0,0.0,0.0,0.0,0.0,0.0,0.0,0.0,0.0,0.0,0.0,0.0,0.0,0.0,0.0,0.0,0.0,0.0,0.0,0.0,0.0,0.0,0.0,0.0,0.0,0.0,0.0,0.0,0.0,0.0,0.0,0.0,0,0,0,0,0,0,0,0,0,0,0,0,0,0,0,0,0,0,0,1,0,0,0,0,0,0,0,0,0,0,No Derby,1,1,0,0,https://www.premierleague.com/match/74912
2022/23,1,2022-08-06,8,6,6,Robert Jones,Leeds,Wolves,Elland Road,36347.0,10,20,2,1,40.1,59.9,4,6,12,15,551,773,355,546,21,16,22,16,6,4,0,1,2,0,0,0,13,9,4-2-3-1,4-2-3-1,win,defeat,3,0,0,0,0,0,0,0,0,0,0,0,0,0,50.0,50.0,50.0,50.0,50.0,50.0,0.0,0.0,0.0,0.0,0.0,0.0,0.0,0.0,0.0,0.0,0.0,0.0,0.0,0.0,0.0,0.0,0.0,0.0,0.0,0.0,0.0,0.0,0.0,0.0,0.0,0.0,0.0,0.0,0.0,0.0,0.0,0.0,0.0,0.0,0.0,0.0,0.0,0.0,0.0,0.0,0.0,0.0,0.0,0.0,0.0,0.0,0.0,0.0,0.0,0.0,0.0,0.0,0.0,0.0,0.0,0.0,0.0,0.0,0.0,0.0,0,0,0,0,0,0,0,0,0,0,0,0,50.0,50.0,50.0,50.0,50.0,50.0,0.0,0.0,0.0,0.0,0.0,0.0,0.0,0.0,0.0,0.0,0.0,0.0,0.0,0.0,0.0,0.0,0.0,0.0,0.0,0.0,0.0,0.0,0.0,0.0,0.0,0.0,0.0,0.0,0.0,0.0,0.0,0.0,0.0,0.0,0.0,0.0,0.0,0.0,0.0,0.0,0.0,0.0,0.0,0.0,0.0,0.0,0.0,0.0,0.0,0.0,0.0,0.0,0.0,0.0,0.0,0.0,0.0,0.0,0.0,0.0,0,0,0,0,0,0,0,0,0,0,0,0,0,0,0,0,0,0,0,0,0,0,0,0,0,0,0,0,0,0,No Derby,1,1,0,0,https://www.premierleague.com/match/74915
2022/23,1,2022-08-06,8,6,6,Simon Hooper,Newcastle,Nott'm Forest,St. James' Park,52245.0,15,16,2,0,61.4,38.6,10,0,23,5,675,504,469,294,19,15,14,36,11,1,2,0,0,3,0,0,9,14,4-3-3,3-4-1-2,win,defeat,3,0,0,0,0,0,0,0,0,0,0,0,0,0,50.0,50.0,50.0,50.0,50.0,50.0,0.0,0.0,0.0,0.0,0.0,0.0,0.0,0.0,0.0,0.0,0.0,0.0,0.0,0.0,0.0,0.0,0.0,0.0,0.0,0.0,0.0,0.0,0.0,0.0,0.0,0.0,0.0,0.0,0.0,0.0,0.0,0.0,0.0,0.0,0.0,0.0,0.0,0.0,0.0,0.0,0.0,0.0,0.0,0.0,0.0,0.0,0.0,0.0,0.0,0.0,0.0,0.0,0.0,0.0,0.0,0.0,0.0,0.0,0.0,0.0,0,0,0,0,0,0,0,0,0,0,0,0,50.0,50.0,50.0,50.0,50.0,50.0,0.0,0.0,0.0,0.0,0.0,0.0,0.0,0.0,0.0,0.0,0.0,0.0,0.0,0.0,0.0,0.0,0.0,0.0,0.0,0.0,0.0,0.0,0.0,0.0,0.0,0.0,0.0,0.0,0.0,0.0,0.0,0.0,0.0,0.0,0.0,0.0,0.0,0.0,0.0,0.0,0.0,0.0,0.0,0.0,0.0,0.0,0.0,0.0,0.0,0.0,0.0,0.0,0.0,0.0,0.0,0.0,0.0,0.0,0.0,0.0,0,0,0,0,0,0,0,0,0,0,0,0,0,0,0,0,0,0,0,0,0,0,0,0,0,0,0,0,0,0,No Derby,1,1,0,0,https://www.premierleague.com/match/74917
2022/23,1,2022-08-06,8,6,6,Andre Marriner,Spurs,Southampton,Tottenham Hotspur Stadium,61732.0,18,17,4,1,57.5,42.5,8,2,18,10,733,596,554,410,24,14,18,19,10,2,2,0,3,0,0,0,11,6,3-4-2-1,5-3-2,win,defeat,3,0,0,0,0,0,0,0,0,0,0,0,0,0,50.0,50.0,50.0,50.0,50.0,50.0,0.0,0.0,0.0,0.0,0.0,0.0,0.0,0.0,0.0,0.0,0.0,0.0,0.0,0.0,0.0,0.0,0.0,0.0,0.0,0.0,0.0,0.0,0.0,0.0,0.0,0.0,0.0,0.0,0.0,0.0,0.0,0.0,0.0,0.0,0.0,0.0,0.0,0.0,0.0,0.0,0.0,0.0,0.0,0.0,0.0,0.0,0.0,0.0,0.0,0.0,0.0,0.0,0.0,0.0,0.0,0.0,0.0,0.0,0.0,0.0,0,0,0,0,0,0,0,0,0,0,0,0,50.0,50.0,50.0,50.0,50.0,50.0,0.0,0.0,0.0,0.0,0.0,0.0,0.0,0.0,0.0,0.0,0.0,0.0,0.0,0.0,0.0,0.0,0.0,0.0,0.0,0.0,0.0,0.0,0.0,0.0,0.0,0.0,0.0,0.0,0.0,0.0,0.0,0.0,0.0,0.0,0.0,0.0,0.0,0.0,0.0,0.0,0.0,0.0,0.0,0.0,0.0,0.0,0.0,0.0,0.0,0.0,0.0,0.0,0.0,0.0,0.0,0.0,0.0,0.0,0.0,0.0,0,1,0,0,0,0,0,0,0,0,0,0,0,1,0,0,0,1,0,0,0,0,0,0,0,0,0,0,0,0,No Derby,1,1,0,0,https://www.premierleague.com/match/74918
2022/23,1,2022-08-06,8,6,6,Craig Pawson,Everton,Chelsea,Goodison Park,39254.0,8,6,0,1,37.3,62.7,4,6,8,15,533,778,335,566,24,19,27,16,4,16,0,2,3,2,0,0,14,11,5-4-1,3-4-3,defeat,win,0,3,0,0,0,0,0,0,0,0,0,0,0,0,50.0,50.0,50.0,50.0,50.0,50.0,0.0,0.0,0.0,0.0,0.0,0.0,0.0,0.0,0.0,0.0,0.0,0.0,0.0,0.0,0.0,0.0,0.0,0.0,0.0,0.0,0.0,0.0,0.0,0.0,0.0,0.0,0.0,0.0,0.0,0.0,0.0,0.0,0.0,0.0,0.0,0.0,0.0,0.0,0.0,0.0,0.0,0.0,0.0,0.0,0.0,0.0,0.0,0.0,0.0,0.0,0.0,0.0,0.0,0.0,0.0,0.0,0.0,0.0,0.0,0.0,0,0,0,0,0,0,0,0,0,0,0,0,50.0,50.0,50.0,50.0,50.0,50.0,0.0,0.0,0.0,0.0,0.0,0.0,0.0,0.0,0.0,0.0,0.0,0.0,0.0,0.0,0.0,0.0,0.0,0.0,0.0,0.0,0.0,0.0,0.0,0.0,0.0,0.0,0.0,0.0,0.0,0.0,0.0,0.0,0.0,0.0,0.0,0.0,0.0,0.0,0.0,0.0,0.0,0.0,0.0,0.0,0.0,0.0,0.0,0.0,0.0,0.0,0.0,0.0,0.0,0.0,0.0,0.0,0.0,0.0,0.0,0.0,0,0,1,0,0,0,0,0,0,0,1,0,0,0,1,0,0,0,1,0,0,0,0,0,0,0,0,0,0,0,No Derby,-1,0,0,1,https://www.premierleague.com/match/74913
2022/23,1,2022-08-05,8,5,5,Anthony Taylor,Crystal Palace,Arsenal,Selhurst Park,25286.0,7,1,0,2,56.3,43.7,2,2,10,10,770,652,562,438,18,29,19,24,3,5,1,2,1,2,0,0,16,11,4-2-3-1,4-3-3,defeat,win,0,3,0,0,0,0,0,0,0,0,0,0,0,0,50.0,50.0,50.0,50.0,50.0,50.0,0.0,0.0,0.0,0.0,0.0,0.0,0.0,0.0,0.0,0.0,0.0,0.0,0.0,0.0,0.0,0.0,0.0,0.0,0.0,0.0,0.0,0.0,0.0,0.0,0.0,0.0,0.0,0.0,0.0,0.0,0.0,0.0,0.0,0.0,0.0,0.0,0.0,0.0,0.0,0.0,0.0,0.0,0.0,0.0,0.0,0.0,0.0,0.0,0.0,0.0,0.0,0.0,0.0,0.0,0.0,0.0,0.0,0.0,0.0,0.0,0,0,0,0,0,0,0,0,0,0,0,0,50.0,50.0,50.0,50.0,50.0,50.0,0.0,0.0,0.0,0.0,0.0,0.0,0.0,0.0,0.0,0.0,0.0,0.0,0.0,0.0,0.0,0.0,0.0,0.0,0.0,0.0,0.0,0.0,0.0,0.0,0.0,0.0,0.0,0.0,0.0,0.0,0.0,0.0,0.0,0.0,0.0,0.0,0.0,0.0,0.0,0.0,0.0,0.0,0.0,0.0,0.0,0.0,0.0,0.0,0.0,0.0,0.0,0.0,0.0,0.0,0.0,0.0,0.0,0.0,0.0,0.0,0,0,0,0,0,0,0,0,0,0,0,0,0,0,0,0,1,0,1,0,0,0,0,0,0,0,0,0,0,0,No Derby,-1,0,0,1,https://www.premierleague.com/match/74911
