season,home_team,away_team,goals_h,goals_a,stadium,link,match_week,match_date,month,day,weekday,referee,attendance,possession_h,possession_a,shots_on_target_h,shots_on_target_a,shots_h,shots_a,touches_h,touches_a,passes_h,passes_a,tackles_h,tackles_a,clearances_h,clearances_a,corners_h,corners_a,offsides_h,offsides_a,yellow_cards_h,yellow_cards_a,red_cards_h,red_cards_a,fouls_conceded_h,fouls_conceded_a,formation_h,formation_a
2017/18,Burnley,Bournemouth,1,2,Turf Moor,https://www.premierleague.com/match/22712,38,2018-05-13,5,13,7,Paul Tierney,20720,51.4,48.6,4,5,10,16,582,596,416,401,16,10,17,33,7,8,0,0,3,1,0,0,14,9,4-4-1-1,3-4-2-1
2017/18,Crystal Palace,West Brom,2,0,Selhurst Park,https://www.premierleague.com/match/22713,38,2018-05-13,5,13,7,Jonathan Moss,25357,59.2,40.8,5,1,11,7,792,584,560,379,28,34,18,14,4,2,1,1,2,3,0,0,10,11,4-4-2,4-4-1-1
2017/18,Huddersfield,Arsenal,0,1,John Smith's Stadium,https://www.premierleague.com/match/22714,38,2018-05-13,5,13,7,Michael Oliver,24122,45.0,55.0,3,4,19,9,603,715,399,519,18,11,19,36,7,4,0,2,1,0,0,0,11,7,5-3-2,4-3-3
2017/18,Liverpool,Brighton,4,0,Anfield,https://www.premierleague.com/match/22715,38,2018-05-13,5,13,7,Kevin Friend,50752,72.3,27.7,11,1,22,2,898,432,737,275,10,17,7,30,7,3,0,0,1,1,0,0,3,6,4-4-1-1,4-2-3-1
2017/18,Man Utd,Watford,1,0,Old Trafford,https://www.premierleague.com/match/22716,38,2018-05-13,5,13,7,Lee Mason,75049,51.4,48.6,1,3,7,7,659,619,460,429,25,20,23,24,6,5,5,1,4,0,0,0,6,11,4-3-3,4-1-4-1
2017/18,Newcastle,Chelsea,3,0,St. James' Park,https://www.premierleague.com/match/22717,38,2018-05-13,5,13,7,Martin Atkinson,52294,41.9,58.1,6,2,16,6,585,764,406,569,19,18,10,37,4,2,0,2,0,1,0,0,11,10,4-2-3-1,3-5-1-1
2017/18,Southampton,Man City,0,1,St. Mary's Stadium,https://www.premierleague.com/match/22718,38,2018-05-13,5,13,7,Andre Marriner,31882,30.3,69.7,3,2,8,13,441,782,259,583,24,13,30,21,1,12,4,2,3,2,0,0,8,10,5-4-1,4-3-3
2017/18,Swansea,Stoke,1,2,Liberty Stadium,https://www.premierleague.com/match/22719,38,2018-05-13,5,13,7,Anthony Taylor,20673,57.6,42.4,11,5,27,8,744,612,544,414,16,21,4,43,6,0,1,5,1,2,0,0,12,9,4-4-2,4-3-3
2017/18,Spurs,Leicester,5,4,Wembley Stadium,https://www.premierleague.com/match/22720,38,2018-05-13,5,13,7,Craig Pawson,77841,64.0,36.0,6,9,14,17,672,453,480,265,20,23,17,19,4,4,2,4,1,2,0,0,9,13,4-2-3-1,4-2-3-1
2017/18,West Ham,Everton,3,1,London Stadium,https://www.premierleague.com/match/22721,38,2018-05-13,5,13,7,Graham Scott,56926,56.6,43.4,4,7,15,14,652,528,479,365,11,10,20,21,6,6,4,1,0,1,0,0,10,13,3-4-2-1,3-1-4-2
2017/18,West Ham,Man Utd,0,0,London Stadium,https://www.premierleague.com/match/22651,37,2018-05-10,5,10,4,Jonathan Moss,56902,44.2,55.8,2,6,9,16,643,780,476,601,15,16,17,14,1,6,1,2,1,1,0,0,12,12,3-4-2-1,5-3-2
2017/18,Chelsea,Huddersfield,1,1,Stamford Bridge,https://www.premierleague.com/match/22685,37,2018-05-09,5,9,3,Lee Mason,38910,77.9,22.1,5,2,22,3,1053,456,831,243,13,24,7,64,9,0,2,0,0,1,0,0,7,10,3-4-2-1,5-3-2
2017/18,Leicester,Arsenal,3,1,King Power Stadium,https://www.premierleague.com/match/22645,37,2018-05-09,5,9,3,Graham Scott,32095,40.4,59.6,10,7,19,14,525,661,310,477,16,18,20,22,6,6,6,1,2,2,0,1,7,12,4-4-2,4-3-3
2017/18,Man City,Brighton,3,1,Etihad Stadium,https://www.premierleague.com/match/22647,37,2018-05-09,5,9,3,Paul Tierney,54013,73.8,26.2,7,3,19,6,1011,454,854,301,14,14,8,25,4,3,1,2,0,1,0,0,5,7,4-3-3,4-5-1
2017/18,Spurs,Newcastle,1,0,Wembley Stadium,https://www.premierleague.com/match/22650,37,2018-05-09,5,9,3,Neil Swarbrick,54923,62.9,37.1,7,3,11,14,749,496,551,319,12,21,33,22,6,4,4,1,2,3,0,0,10,8,4-2-3-1,4-2-3-1
2017/18,Swansea,Southampton,0,1,Liberty Stadium,https://www.premierleague.com/match/22649,37,2018-05-08,5,8,2,Michael Oliver,20858,53.3,46.7,3,8,11,13,621,565,416,372,11,14,17,56,7,6,2,0,2,1,0,0,7,15,3-4-2-1,3-4-2-1
2017/18,Man City,Huddersfield,0,0,Etihad Stadium,https://www.premierleague.com/match/22708,37,2018-05-06,5,6,7,Mike Dean,54350,79.2,20.8,2,3,15,5,916,382,720,193,14,18,9,55,10,1,1,1,0,3,0,0,9,4,4-3-3,5-3-2
2017/18,Arsenal,Burnley,5,0,Emirates Stadium,https://www.premierleague.com/match/22702,37,2018-05-06,5,6,7,Andre Marriner,59540,63.6,36.4,8,2,16,6,829,527,662,372,12,11,20,23,4,5,0,0,0,1,0,0,6,7,4-3-3,4-4-1-1
2017/18,Chelsea,Liverpool,1,0,Stamford Bridge,https://www.premierleague.com/match/22705,37,2018-05-06,5,6,7,Anthony Taylor,41314,31.6,68.4,4,5,12,10,540,946,354,763,15,12,37,10,3,1,2,0,3,2,0,0,12,9,3-5-1-1,4-3-3
2017/18,Stoke,Crystal Palace,1,2,bet365 Stadium,https://www.premierleague.com/match/22709,37,2018-05-05,5,5,6,Martin Atkinson,29687,41.1,58.9,2,2,7,13,452,613,283,411,18,7,29,26,1,7,2,2,5,2,0,0,18,12,4-4-2,4-4-2
2017/18,Bournemouth,Swansea,1,0,Vitality Stadium,https://www.premierleague.com/match/22703,37,2018-05-05,5,5,6,Kevin Friend,10820,45.2,54.8,5,3,13,12,575,624,365,446,5,23,45,23,11,6,4,1,1,4,0,0,10,10,3-4-3,3-4-2-1
2017/18,Leicester,West Ham,0,2,King Power Stadium,https://www.premierleague.com/match/22707,37,2018-05-05,5,5,6,Chris Kavanagh,32013,54.0,46.0,2,3,13,13,620,591,417,363,23,20,26,36,8,3,2,2,1,2,0,0,8,9,4-4-1-1,3-4-2-1
2017/18,Watford,Newcastle,2,1,Vicarage Road,https://www.premierleague.com/match/22710,37,2018-05-05,5,5,6,Roger East,20375,39.2,60.8,8,1,11,9,560,761,384,577,14,8,41,16,2,5,5,3,2,1,0,0,9,11,4-4-2,4-4-1-1
2017/18,West Brom,Spurs,1,0,The Hawthorns,https://www.premierleague.com/match/22711,37,2018-05-05,5,5,6,Mike Jones,23685,26.2,73.8,1,5,9,18,410,813,210,615,16,13,45,25,5,9,2,0,4,1,0,0,13,12,4-4-1-1,3-4-2-1
2017/18,Everton,Southampton,1,1,Goodison Park,https://www.premierleague.com/match/22706,37,2018-05-05,5,5,6,Jonathan Moss,38225,54.4,45.6,3,5,9,11,602,545,415,358,11,17,19,29,3,4,2,4,2,4,0,1,14,12,4-2-3-1,3-4-2-1
2017/18,Brighton,Man Utd,1,0,Amex Stadium,https://www.premierleague.com/match/22704,37,2018-05-04,5,4,5,Craig Pawson,30611,31.7,68.3,4,3,11,16,475,862,313,675,19,8,22,19,5,6,1,2,2,0,0,0,5,3,4-3-3,4-3-3
2017/18,Spurs,Watford,2,0,Wembley Stadium,https://www.premierleague.com/match/22700,36,2018-04-30,4,30,1,Michael Oliver,52675,61.5,38.5,3,5,13,13,764,549,557,354,19,19,22,22,4,0,3,3,1,0,0,0,11,10,4-2-3-1,4-2-3-1
2017/18,West Ham,Man City,1,4,London Stadium,https://www.premierleague.com/match/22701,36,2018-04-29,4,29,7,Neil Swarbrick,56904,24.6,75.4,1,8,4,19,454,1047,280,876,23,15,20,14,0,7,4,1,0,1,0,0,5,11,3-5-1-1,4-3-3
2017/18,Man Utd,Arsenal,2,1,Old Trafford,https://www.premierleague.com/match/22696,36,2018-04-29,4,29,7,Kevin Friend,75035,59.2,40.8,3,3,16,8,811,639,609,438,16,28,7,32,9,0,2,1,0,1,0,0,12,7,4-3-3,4-2-3-1
2017/18,Liverpool,Stoke,0,0,Anfield,https://www.premierleague.com/match/22695,36,2018-04-28,4,28,6,Andre Marriner,53255,71.9,28.1,2,1,20,5,835,451,632,252,6,22,11,43,9,2,2,2,1,2,0,0,7,14,4-3-3,4-4-2
2017/18,Burnley,Brighton,0,0,Turf Moor,https://www.premierleague.com/match/22692,36,2018-04-28,4,28,6,Roger East,19459,44.5,55.5,4,2,10,10,516,614,339,432,9,11,25,28,3,4,4,3,0,2,0,0,5,17,4-4-2,4-4-1-1
2017/18,Crystal Palace,Leicester,5,0,Selhurst Park,https://www.premierleague.com/match/22693,36,2018-04-28,4,28,6,Mike Dean,25750,50.5,49.5,9,1,15,6,600,577,415,393,12,21,22,19,8,2,1,0,1,1,0,1,11,9,4-4-2,4-4-1-1
2017/18,Huddersfield,Everton,0,2,John Smith's Stadium,https://www.premierleague.com/match/22694,36,2018-04-28,4,28,6,Lee Probert,24121,53.7,46.3,2,5,9,7,719,638,499,431,15,23,15,41,4,3,1,3,1,0,0,0,9,8,4-2-3-1,4-2-3-1
2017/18,Newcastle,West Brom,0,1,St. James' Park,https://www.premierleague.com/match/22697,36,2018-04-28,4,28,6,David Coote,52283,63.5,36.5,2,2,17,9,798,556,580,342,23,18,15,32,5,1,0,2,1,3,0,0,8,13,4-4-1-1,4-4-1-1
2017/18,Southampton,Bournemouth,2,1,St. Mary's Stadium,https://www.premierleague.com/match/22698,36,2018-04-28,4,28,6,Anthony Taylor,31778,40.3,59.7,6,7,14,14,539,696,350,504,21,11,31,19,5,8,1,2,5,1,0,0,12,11,3-4-3,3-4-3
2017/18,Swansea,Chelsea,0,1,Liberty Stadium,https://www.premierleague.com/match/22699,36,2018-04-28,4,28,6,Jonathan Moss,20900,51.1,48.9,3,3,10,11,751,756,584,571,20,12,10,27,1,2,1,3,1,1,0,0,13,9,3-4-2-1,3-5-1-1
2017/18,Everton,Newcastle,1,0,Goodison Park,https://www.premierleague.com/match/22686,35,2018-04-23,4,23,1,Robert Madley,39061,56.5,43.5,1,2,9,9,714,570,478,362,13,19,42,30,4,6,4,1,2,1,0,0,10,11,4-3-3,4-4-1-1
2017/18,Arsenal,West Ham,4,1,Emirates Stadium,https://www.premierleague.com/match/22682,35,2018-04-22,4,22,7,Lee Mason,59422,67.7,32.3,8,4,20,11,809,453,629,297,4,10,15,22,8,6,1,1,3,2,0,0,11,9,4-3-3,3-4-2-1
2017/18,Stoke,Burnley,1,1,bet365 Stadium,https://www.premierleague.com/match/22689,35,2018-04-22,4,22,7,Mike Dean,29532,42.8,57.2,3,7,8,16,521,645,326,428,18,9,41,33,3,8,2,0,2,1,0,0,15,5,4-4-2,4-4-2
2017/18,Man City,Swansea,5,0,Etihad Stadium,https://www.premierleague.com/match/22688,35,2018-04-22,4,22,7,Craig Pawson,54387,82.9,17.1,12,1,19,4,1160,355,1015,203,14,11,8,26,5,1,4,1,0,1,0,0,6,8,4-3-3,5-4-1
2017/18,West Brom,Liverpool,2,2,The Hawthorns,https://www.premierleague.com/match/22691,35,2018-04-21,4,21,6,Stuart Attwell,24520,38.4,61.6,6,3,13,9,527,763,344,585,14,12,19,33,7,4,1,2,0,1,0,0,12,5,4-4-1-1,4-3-3
2017/18,Watford,Crystal Palace,0,0,Vicarage Road,https://www.premierleague.com/match/22690,35,2018-04-21,4,21,6,Chris Kavanagh,20401,51.8,48.2,4,1,14,6,558,569,357,341,25,16,22,44,4,3,0,1,3,5,0,0,17,13,4-4-2,4-4-2
2017/18,Burnley,Chelsea,1,2,Turf Moor,https://www.premierleague.com/match/22643,34,2018-04-19,4,19,4,Robert Madley,21264,39.2,60.8,2,5,5,16,551,798,389,609,13,8,25,28,3,2,3,1,1,0,0,0,9,11,4-4-2,3-5-2
2017/18,Leicester,Southampton,0,0,King Power Stadium,https://www.premierleague.com/match/22687,34,2018-04-19,4,19,4,Roger East,31160,54.4,45.6,3,2,11,6,678,610,452,384,17,17,29,33,11,3,0,0,3,2,0,0,10,10,4-4-1-1,3-4-2-1
2017/18,Bournemouth,Man Utd,0,2,Vitality Stadium,https://www.premierleague.com/match/22683,34,2018-04-18,4,18,3,Graham Scott,10952,44.4,55.6,2,4,13,13,630,746,428,556,10,19,26,25,8,5,1,3,3,1,0,0,9,8,4-4-1-1,4-3-3
2017/18,Brighton,Spurs,1,1,Amex Stadium,https://www.premierleague.com/match/22684,34,2018-04-17,4,17,2,Kevin Friend,30440,35.9,64.1,5,6,8,16,550,831,357,634,22,10,29,14,3,4,0,0,1,0,0,0,6,5,4-4-1-1,4-2-3-1
2017/18,West Ham,Stoke,1,1,London Stadium,https://www.premierleague.com/match/22681,34,2018-04-16,4,16,1,Michael Oliver,56795,62.5,37.5,6,7,18,11,692,497,466,287,9,13,23,61,10,1,5,3,2,3,0,0,15,21,3-4-2-1,4-4-1-1
2017/18,Newcastle,Arsenal,2,1,St. James' Park,https://www.premierleague.com/match/22677,34,2018-04-15,4,15,7,Anthony Taylor,52210,28.2,71.8,4,3,8,15,465,900,274,695,22,25,29,13,2,5,1,2,1,0,0,0,11,9,4-4-1-1,4-3-3
2017/18,Man Utd,West Brom,0,1,Old Trafford,https://www.premierleague.com/match/22676,34,2018-04-15,4,15,7,Paul Tierney,75095,70.3,29.7,4,4,14,10,932,490,742,312,15,9,11,38,4,4,4,1,1,1,0,0,8,13,4-3-3,4-4-1-1
2017/18,Southampton,Chelsea,2,3,St. Mary's Stadium,https://www.premierleague.com/match/22678,34,2018-04-14,4,14,6,Mike Dean,31764,42.0,58.0,7,5,10,17,570,724,377,518,14,11,29,16,4,7,1,2,5,3,0,0,13,14,3-4-2-1,3-4-2-1
2017/18,Burnley,Leicester,2,1,Turf Moor,https://www.premierleague.com/match/22672,34,2018-04-14,4,14,6,Martin Atkinson,21727,38.7,61.3,3,6,8,15,474,635,292,449,14,11,31,18,4,8,0,1,2,1,0,0,9,10,4-4-2,4-4-1-1
2017/18,Crystal Palace,Brighton,3,2,Selhurst Park,https://www.premierleague.com/match/22673,34,2018-04-14,4,14,6,Andre Marriner,24656,50.2,49.8,8,3,15,12,570,542,367,347,12,14,35,27,5,6,3,1,3,2,0,0,12,16,4-4-2,4-3-3
2017/18,Huddersfield,Watford,1,0,John Smith's Stadium,https://www.premierleague.com/match/22674,34,2018-04-14,4,14,6,Craig Pawson,23961,48.7,51.3,1,2,9,4,563,585,365,405,18,20,22,36,9,6,2,1,2,2,0,0,9,8,4-2-3-1,4-2-3-1
2017/18,Swansea,Everton,1,1,Liberty Stadium,https://www.premierleague.com/match/22679,34,2018-04-14,4,14,6,Lee Mason,20933,50.6,49.4,7,3,17,12,656,653,447,437,25,17,22,41,6,3,1,0,1,1,0,0,10,11,4-4-2,4-2-3-1
2017/18,Liverpool,Bournemouth,3,0,Anfield,https://www.premierleague.com/match/22675,34,2018-04-14,4,14,6,Chris Kavanagh,52959,61.8,38.2,7,1,20,6,817,570,619,375,26,15,25,34,7,5,4,4,1,1,0,0,9,9,4-3-3,5-4-1
2017/18,Spurs,Man City,1,3,Wembley Stadium,https://www.premierleague.com/match/22680,34,2018-04-14,4,14,6,Jonathan Moss,80811,48.0,52.0,3,6,8,17,664,717,464,511,22,14,15,31,5,7,5,1,3,4,0,0,11,12,4-2-3-1,4-3-3
2017/18,Arsenal,Southampton,3,2,Emirates Stadium,https://www.premierleague.com/match/22662,33,2018-04-08,4,8,7,Andre Marriner,59374,64.6,35.4,7,8,13,15,883,559,699,370,11,12,33,24,8,6,1,2,2,1,1,1,11,7,4-2-3-1,3-4-2-1
2017/18,Chelsea,West Ham,1,1,Stamford Bridge,https://www.premierleague.com/match/22665,33,2018-04-08,4,8,7,Kevin Friend,41324,59.5,40.5,6,2,23,5,816,576,594,409,14,17,18,19,10,6,2,2,0,1,0,0,7,11,3-4-2-1,3-4-2-1
2017/18,Everton,Liverpool,0,0,Goodison Park,https://www.premierleague.com/match/22666,33,2018-04-07,4,7,6,Michael Oliver,39220,38.1,61.9,1,3,6,10,547,767,359,588,16,12,31,19,3,2,0,0,4,1,0,0,12,7,4-3-3,4-3-3
2017/18,Bournemouth,Crystal Palace,2,2,Vitality Stadium,https://www.premierleague.com/match/22663,33,2018-04-07,4,7,6,Jonathan Moss,10730,52.7,47.3,5,6,21,13,664,643,472,445,7,15,12,35,11,3,3,1,2,2,0,0,8,9,4-4-1-1,4-4-2
2017/18,Brighton,Huddersfield,1,1,Amex Stadium,https://www.premierleague.com/match/22664,33,2018-04-07,4,7,6,Anthony Taylor,30501,40.8,59.2,4,5,13,15,553,721,360,525,17,19,30,20,5,3,3,3,1,0,1,0,13,7,4-4-1-1,4-4-1-1
2017/18,Leicester,Newcastle,1,2,King Power Stadium,https://www.premierleague.com/match/22667,33,2018-04-07,4,7,6,Stuart Attwell,32066,66.3,33.7,1,4,8,8,719,447,518,272,9,13,14,27,7,5,3,3,1,3,0,0,7,14,4-2-3-1,4-4-1-1
2017/18,Stoke,Spurs,1,2,bet365 Stadium,https://www.premierleague.com/match/22669,33,2018-04-07,4,7,6,Graham Scott,29515,33.3,66.7,4,4,10,15,456,757,263,550,24,15,29,28,6,3,2,3,4,3,0,0,19,8,4-4-1-1,4-2-3-1
2017/18,Watford,Burnley,1,2,Vicarage Road,https://www.premierleague.com/match/22670,33,2018-04-07,4,7,6,Paul Tierney,20044,60.5,39.5,5,4,14,7,633,491,435,292,9,13,23,49,11,1,3,2,2,2,0,0,18,12,4-2-3-1,4-4-2
2017/18,West Brom,Swansea,1,1,The Hawthorns,https://www.premierleague.com/match/22671,33,2018-04-07,4,7,6,Roger East,23297,51.7,48.3,3,1,15,7,673,622,479,452,13,13,20,25,5,1,6,1,3,2,0,0,15,5,4-4-2,5-4-1
2017/18,Man City,Man Utd,2,3,Etihad Stadium,https://www.premierleague.com/match/22668,33,2018-04-07,4,7,6,Martin Atkinson,54259,64.8,35.2,6,4,20,5,764,505,596,318,11,11,14,14,8,4,0,2,6,3,0,0,17,9,4-3-3,4-3-3
2017/18,Arsenal,Stoke,3,0,Emirates Stadium,https://www.premierleague.com/match/22652,32,2018-04-01,4,1,7,Craig Pawson,59371,69.6,30.4,11,2,24,8,828,450,647,273,16,11,10,20,6,5,3,3,1,2,0,0,9,13,4-2-3-1,4-4-1-1
2017/18,Chelsea,Spurs,1,3,Stamford Bridge,https://www.premierleague.com/match/22654,32,2018-04-01,4,1,7,Andre Marriner,41364,48.7,51.3,4,6,14,12,700,756,494,528,27,20,15,28,5,5,4,3,0,1,0,0,4,11,3-4-2-1,4-2-3-1
2017/18,Crystal Palace,Liverpool,1,2,Selhurst Park,https://www.premierleague.com/match/22655,32,2018-03-31,3,31,6,Neil Swarbrick,25807,32.2,67.8,3,6,6,16,516,871,312,660,25,16,25,21,4,6,1,1,2,2,0,0,6,8,4-3-3,4-3-3
2017/18,Brighton,Leicester,0,2,Amex Stadium,https://www.premierleague.com/match/22653,32,2018-03-31,3,31,6,Chris Kavanagh,30629,46.4,53.6,3,4,15,6,574,620,374,448,11,14,21,29,6,1,6,1,2,4,0,1,11,13,4-1-4-1,4-4-1-1
2017/18,Man Utd,Swansea,2,0,Old Trafford,https://www.premierleague.com/match/22657,32,2018-03-31,3,31,6,Robert Madley,75038,66.5,33.5,5,2,11,3,913,527,746,366,17,17,13,25,3,3,0,0,5,1,0,0,5,13,4-2-3-1,5-4-1
2017/18,Newcastle,Huddersfield,1,0,St. James' Park,https://www.premierleague.com/match/22658,32,2018-03-31,3,31,6,Martin Atkinson,52261,63.0,37.0,3,0,18,4,793,546,582,339,16,24,27,34,3,3,3,1,1,4,0,0,9,10,4-4-1-1,4-4-2
2017/18,Watford,Bournemouth,2,2,Vicarage Road,https://www.premierleague.com/match/22660,32,2018-03-31,3,31,6,Andy Madley,20393,49.9,50.1,5,6,16,13,604,639,424,426,18,20,10,37,7,4,3,4,4,0,0,0,16,6,4-2-3-1,4-4-1-1
2017/18,West Brom,Burnley,1,2,The Hawthorns,https://www.premierleague.com/match/22661,32,2018-03-31,3,31,6,Lee Probert,23455,47.5,52.5,3,4,8,11,582,653,414,461,20,10,28,31,1,6,2,2,1,3,0,0,12,9,3-5-2,4-4-2
2017/18,West Ham,Southampton,3,0,London Stadium,https://www.premierleague.com/match/22361,32,2018-03-31,3,31,6,Jonathan Moss,56882,48.1,51.9,5,0,12,9,583,604,374,404,19,17,23,28,5,9,1,0,0,3,0,0,9,16,3-4-2-1,4-4-2
2017/18,Everton,Man City,1,3,Goodison Park,https://www.premierleague.com/match/22656,32,2018-03-31,3,31,6,Paul Tierney,39221,18.0,82.0,2,4,6,18,336,1115,202,976,13,8,22,13,2,11,0,0,2,3,0,0,10,8,4-2-3-1,3-5-2
2017/18,Bournemouth,West Brom,2,1,Vitality Stadium,https://www.premierleague.com/match/22642,31,2018-03-17,3,17,6,Graham Scott,10242,60.6,39.4,5,6,17,11,750,549,544,350,19,21,23,25,3,2,1,1,1,2,0,0,6,9,4-4-1-1,3-5-2
2017/18,Huddersfield,Crystal Palace,0,2,John Smith's Stadium,https://www.premierleague.com/match/22644,31,2018-03-17,3,17,6,Mike Dean,23980,54.6,45.4,2,6,6,18,700,660,470,393,24,29,18,34,4,7,1,2,3,2,0,0,11,12,4-2-3-1,4-3-3
2017/18,Stoke,Everton,1,2,bet365 Stadium,https://www.premierleague.com/match/22648,31,2018-03-17,3,17,6,Martin Atkinson,30022,43.5,56.5,4,9,9,16,519,629,344,431,19,19,17,14,1,9,0,4,1,1,1,0,13,12,4-3-3,4-2-3-1
2017/18,Liverpool,Watford,5,0,Anfield,https://www.premierleague.com/match/22646,31,2018-03-17,3,17,6,Anthony Taylor,53287,58.0,42.0,10,1,13,4,771,602,581,420,18,30,13,24,6,0,6,3,1,0,0,0,5,4,4-3-3,3-4-3
2017/18,Stoke,Man City,0,2,bet365 Stadium,https://www.premierleague.com/match/22639,30,2018-03-13,3,13,2,Jonathan Moss,29138,22.9,77.1,0,6,3,17,410,1006,245,847,19,16,16,21,3,10,2,4,1,0,0,0,6,8,4-3-3,4-3-3
2017/18,Arsenal,Watford,3,0,Emirates Stadium,https://www.premierleague.com/match/22632,30,2018-03-11,3,11,7,Martin Atkinson,59131,59.7,40.3,7,4,11,11,695,524,502,324,21,13,32,16,4,9,5,3,2,1,0,0,12,9,4-2-3-1,4-2-3-1
2017/18,Bournemouth,Spurs,1,4,Vitality Stadium,https://www.premierleague.com/match/22633,30,2018-03-11,3,11,7,Mike Dean,10623,37.0,63.0,3,8,14,12,540,775,331,559,22,22,25,19,4,5,0,3,1,1,0,0,10,7,4-4-1-1,4-2-3-1
2017/18,Man Utd,Liverpool,2,1,Old Trafford,https://www.premierleague.com/match/22637,30,2018-03-10,3,10,6,Craig Pawson,74855,32.1,67.9,2,2,5,14,495,769,283,584,22,13,40,12,1,13,3,0,2,1,0,0,10,16,4-2-3-1,4-3-3
2017/18,Everton,Brighton,2,0,Goodison Park,https://www.premierleague.com/match/22635,30,2018-03-10,3,10,6,Roger East,39199,59.0,41.0,3,4,13,10,616,459,425,302,9,14,22,35,10,3,2,1,0,1,0,1,10,14,4-2-3-1,4-4-1-1
2017/18,Huddersfield,Swansea,0,0,John Smith's Stadium,https://www.premierleague.com/match/22636,30,2018-03-10,3,10,6,Michael Oliver,23567,81.2,18.8,4,0,30,0,912,375,679,169,10,17,10,67,12,0,2,3,2,3,0,1,9,9,4-2-3-1,5-4-1
2017/18,Newcastle,Southampton,3,0,St. James' Park,https://www.premierleague.com/match/22638,30,2018-03-10,3,10,6,Andre Marriner,52246,37.0,63.0,5,2,7,6,499,692,305,509,15,14,35,12,2,6,1,1,0,2,0,0,10,10,4-4-1-1,4-2-3-1
2017/18,West Brom,Leicester,1,4,The Hawthorns,https://www.premierleague.com/match/22640,30,2018-03-10,3,10,6,Robert Madley,23558,43.8,56.2,2,6,6,14,545,663,362,474,17,17,16,24,7,6,1,2,1,3,0,0,6,7,4-3-3,4-2-3-1
2017/18,West Ham,Burnley,0,3,London Stadium,https://www.premierleague.com/match/22641,30,2018-03-10,3,10,6,Lee Mason,56904,51.7,48.3,4,4,13,7,572,559,385,372,14,11,16,37,5,1,1,3,2,2,0,0,13,7,3-4-2-1,4-4-1-1
2017/18,Chelsea,Crystal Palace,2,1,Stamford Bridge,https://www.premierleague.com/match/22634,30,2018-03-10,3,10,6,Anthony Taylor,40800,62.3,37.7,11,2,27,9,826,578,593,361,17,19,20,34,12,3,2,2,1,2,0,0,8,9,3-4-2-1,4-4-2
2017/18,Crystal Palace,Man Utd,2,3,Selhurst Park,https://www.premierleague.com/match/22624,29,2018-03-06,3,6,2,Neil Swarbrick,25840,30.5,69.5,4,8,10,17,494,857,278,654,19,9,41,28,3,7,2,2,1,3,0,0,10,8,4-4-2,4-3-3
2017/18,Brighton,Arsenal,2,1,Amex Stadium,https://www.premierleague.com/match/22622,29,2018-03-04,3,4,7,Stuart Attwell,30620,31.9,68.1,6,7,13,15,494,806,287,614,21,10,38,17,6,11,6,0,3,3,0,0,13,12,4-4-1-1,4-2-3-1
2017/18,Man City,Chelsea,1,0,Etihad Stadium,https://www.premierleague.com/match/22627,29,2018-03-04,3,4,7,Michael Oliver,54328,71.2,28.8,3,0,13,3,1134,528,976,392,11,11,10,15,5,2,2,1,2,1,0,0,8,9,4-3-3,3-4-2-1
2017/18,Burnley,Everton,2,1,Turf Moor,https://www.premierleague.com/match/22623,29,2018-03-03,3,3,6,Chris Kavanagh,20802,54.5,45.5,8,4,21,10,622,555,396,342,16,11,31,44,10,4,4,2,1,1,0,1,9,12,4-4-1-1,4-3-3
2017/18,Leicester,Bournemouth,1,1,King Power Stadium,https://www.premierleague.com/match/22625,29,2018-03-03,3,3,6,Lee Probert,31384,55.4,44.6,4,3,23,8,658,600,438,374,21,12,13,50,13,1,3,2,2,1,0,0,11,7,4-3-3,4-4-1-1
2017/18,Southampton,Stoke,0,0,St. Mary's Stadium,https://www.premierleague.com/match/22628,29,2018-03-03,3,3,6,Anthony Taylor,30335,65.2,34.8,6,3,18,12,639,444,422,240,18,13,13,47,15,4,2,2,0,1,0,0,8,13,4-2-3-1,4-1-4-1
2017/18,Swansea,West Ham,4,1,Liberty Stadium,https://www.premierleague.com/match/22629,29,2018-03-03,3,3,6,Martin Atkinson,20829,45.3,54.7,8,2,9,7,624,697,440,522,18,20,25,20,4,5,0,5,0,3,0,0,9,14,5-4-1,3-4-3
2017/18,Spurs,Huddersfield,2,0,Wembley Stadium,https://www.premierleague.com/match/22630,29,2018-03-03,3,3,6,Mike Jones,68311,74.5,25.5,7,3,15,3,1031,463,806,267,10,29,18,36,8,1,4,2,1,1,0,0,6,8,4-2-3-1,4-2-3-1
2017/18,Watford,West Brom,1,0,Vicarage Road,https://www.premierleague.com/match/22631,29,2018-03-03,3,3,6,Paul Tierney,20022,53.3,46.7,4,2,15,9,615,565,412,346,12,17,24,39,4,6,3,1,2,0,0,0,11,12,4-2-3-1,4-3-3
2017/18,Liverpool,Newcastle,2,0,Anfield,https://www.premierleague.com/match/22626,29,2018-03-03,3,3,6,Graham Scott,53287,70.9,29.1,3,2,14,7,945,507,772,315,26,12,12,18,8,3,0,0,4,1,0,0,7,9,4-3-3,3-4-2-1
2017/18,Arsenal,Man City,0,3,Emirates Stadium,https://www.premierleague.com/match/22612,28,2018-03-01,3,1,4,Andre Marriner,58420,45.8,54.2,5,5,10,9,718,859,538,653,24,11,11,31,6,1,0,1,1,1,0,0,11,11,4-2-3-1,4-3-3
2017/18,Crystal Palace,Spurs,0,1,Selhurst Park,https://www.premierleague.com/match/22616,28,2018-02-25,2,25,7,Kevin Friend,25287,23.8,76.2,3,4,5,14,428,869,205,662,28,14,41,17,3,13,0,1,0,1,0,0,12,5,4-3-3,4-2-3-1
2017/18,Man Utd,Chelsea,2,1,Old Trafford,https://www.premierleague.com/match/22619,28,2018-02-25,2,25,7,Martin Atkinson,75060,44.3,55.7,5,7,10,14,631,745,432,552,20,22,18,15,3,4,1,6,2,2,0,0,13,12,4-1-2-1-2,3-4-2-1
2017/18,Leicester,Stoke,1,1,King Power Stadium,https://www.premierleague.com/match/22617,28,2018-02-24,2,24,6,Michael Oliver,31769,66.2,33.8,9,2,19,6,713,496,483,257,19,19,10,51,13,1,0,2,1,3,0,0,10,16,4-2-3-1,4-1-4-1
2017/18,Bournemouth,Newcastle,2,2,Vitality Stadium,https://www.premierleague.com/match/22613,28,2018-02-24,2,24,6,Roger East,10808,63.2,36.8,5,4,18,15,781,562,551,338,16,21,22,50,8,1,0,4,1,4,0,0,12,10,4-4-1-1,4-4-1-1
2017/18,Brighton,Swansea,4,1,Amex Stadium,https://www.premierleague.com/match/22614,28,2018-02-24,2,24,6,Mike Dean,30523,47.8,52.2,5,1,16,11,576,625,408,434,24,20,25,11,3,5,3,0,1,0,0,0,17,6,4-4-1-1,5-4-1
2017/18,Burnley,Southampton,1,1,Turf Moor,https://www.premierleague.com/match/22615,28,2018-02-24,2,24,6,Robert Madley,20982,50.1,49.9,3,6,9,13,575,574,371,378,8,23,29,37,7,5,1,0,1,0,0,0,8,14,4-4-1-1,4-2-3-1
2017/18,Liverpool,West Ham,4,1,Anfield,https://www.premierleague.com/match/22618,28,2018-02-24,2,24,6,Stuart Attwell,53256,68.3,31.7,12,4,21,7,901,528,712,337,27,19,19,34,8,2,1,2,0,2,0,0,7,7,4-3-3,3-4-2-1
2017/18,West Brom,Huddersfield,1,2,The Hawthorns,https://www.premierleague.com/match/22621,28,2018-02-24,2,24,6,Jonathan Moss,25920,53.3,46.7,3,7,10,16,634,579,405,360,13,29,30,38,6,3,7,5,1,1,0,0,11,9,4-4-2,4-2-3-1
2017/18,Watford,Everton,1,0,Vicarage Road,https://www.premierleague.com/match/22620,28,2018-02-24,2,24,6,Anthony Taylor,20430,54.3,45.7,5,2,13,7,652,584,428,350,19,26,28,28,6,5,0,1,3,1,0,0,10,9,4-2-3-1,4-3-3
2017/18,Chelsea,West Brom,3,0,Stamford Bridge,https://www.premierleague.com/match/22602,27,2018-02-13,2,13,2,Lee Mason,41071,57.0,43.0,8,1,20,8,771,618,583,428,21,12,20,15,8,7,1,3,0,2,0,0,11,11,3-4-2-1,5-3-2
2017/18,Huddersfield,Bournemouth,4,1,John Smith's Stadium,https://www.premierleague.com/match/22604,27,2018-02-11,2,11,7,Michael Oliver,23823,51.0,49.0,4,2,15,7,661,644,438,415,21,18,22,27,2,6,3,5,0,3,0,0,12,12,4-2-3-1,3-4-2-1
2017/18,Newcastle,Man Utd,1,0,St. James' Park,https://www.premierleague.com/match/22606,27,2018-02-11,2,11,7,Craig Pawson,52309,35.9,64.1,3,4,10,13,580,844,361,630,20,12,47,17,0,10,2,2,0,2,0,0,12,15,4-4-1-1,4-2-3-1
2017/18,Southampton,Liverpool,0,2,St. Mary's Stadium,https://www.premierleague.com/match/22607,27,2018-02-11,2,11,7,Martin Atkinson,31915,52.2,47.8,4,4,6,16,736,701,545,510,15,14,11,22,3,1,5,0,1,2,0,0,5,8,4-2-3-1,4-3-3
2017/18,Spurs,Arsenal,1,0,Wembley Stadium,https://www.premierleague.com/match/22610,27,2018-02-10,2,10,6,Anthony Taylor,83222,49.9,50.1,6,1,18,6,689,680,494,509,14,12,23,22,10,2,1,6,2,1,0,0,13,9,4-2-3-1,4-3-3
2017/18,Everton,Crystal Palace,3,1,Goodison Park,https://www.premierleague.com/match/22603,27,2018-02-10,2,10,6,Jonathan Moss,39139,52.9,47.1,5,4,11,16,601,574,389,345,16,10,27,37,8,7,2,1,1,1,0,0,14,15,4-3-3,4-3-3
2017/18,Stoke,Brighton,1,1,bet365 Stadium,https://www.premierleague.com/match/22608,27,2018-02-10,2,10,6,Robert Madley,29876,57.1,42.9,3,6,15,14,705,576,468,365,9,28,29,46,7,4,0,0,2,3,0,0,6,10,4-3-3,4-4-1-1
2017/18,Swansea,Burnley,1,0,Liberty Stadium,https://www.premierleague.com/match/22609,27,2018-02-10,2,10,6,Andre Marriner,20179,57.3,42.7,4,1,13,13,642,522,465,352,12,17,21,30,5,2,2,0,2,1,0,0,10,9,5-4-1,4-4-2
2017/18,West Ham,Watford,2,0,London Stadium,https://www.premierleague.com/match/22611,27,2018-02-10,2,10,6,Graham Scott,56197,36.2,63.8,4,4,8,11,482,659,246,442,21,16,48,26,8,7,3,1,1,1,0,0,11,7,3-4-3,3-4-3
2017/18,Man City,Leicester,5,1,Etihad Stadium,https://www.premierleague.com/match/22605,27,2018-02-10,2,10,6,Mike Jones,54416,70.5,29.5,11,2,19,2,892,461,705,288,11,18,13,29,8,2,1,2,2,3,0,0,10,12,4-3-3,3-5-2
2017/18,Watford,Chelsea,4,1,Vicarage Road,https://www.premierleague.com/match/22600,26,2018-02-06,2,6,2,Craig Pawson,20157,44.6,55.4,8,3,21,7,584,701,407,512,19,16,11,21,6,2,1,1,2,2,0,1,11,8,3-4-2-1,3-4-2-1
2017/18,Crystal Palace,Newcastle,1,1,Selhurst Park,https://www.premierleague.com/match/22596,26,2018-02-04,2,4,7,Andre Marriner,25746,54.3,45.7,6,8,20,12,664,567,424,363,20,11,25,30,5,6,4,3,1,1,0,0,11,8,4-4-2,4-4-1-1
2017/18,Liverpool,Spurs,2,2,Anfield,https://www.premierleague.com/match/22598,26,2018-02-04,2,4,7,Jonathan Moss,53213,34.1,65.9,3,6,9,13,513,777,302,590,17,16,41,18,3,7,2,2,3,1,0,0,15,9,4-3-3,4-1-2-1-2
2017/18,Burnley,Man City,1,1,Turf Moor,https://www.premierleague.com/match/22595,26,2018-02-03,2,3,6,Martin Atkinson,21658,29.2,70.8,3,7,8,20,453,870,278,695,9,13,26,25,3,13,1,0,4,1,0,0,9,6,4-4-2,4-3-3
2017/18,Bournemouth,Stoke,2,1,Vitality Stadium,https://www.premierleague.com/match/22593,26,2018-02-03,2,3,6,Paul Tierney,10614,57.3,42.7,8,4,15,13,643,544,439,328,10,28,20,36,8,1,2,6,2,3,0,0,14,19,3-4-2-1,4-3-3
2017/18,Brighton,West Ham,3,1,Amex Stadium,https://www.premierleague.com/match/22594,26,2018-02-03,2,3,6,Roger East,30589,54.4,45.6,5,1,21,4,635,577,452,380,8,17,15,36,4,1,3,3,3,1,0,0,11,7,4-4-1-1,3-4-2-1
2017/18,Leicester,Swansea,1,1,King Power Stadium,https://www.premierleague.com/match/22597,26,2018-02-03,2,3,6,Anthony Taylor,31179,60.1,39.9,5,1,13,3,718,543,521,340,16,14,19,42,3,3,5,0,1,0,0,0,9,8,4-4-2,5-4-1
2017/18,Man Utd,Huddersfield,2,0,Old Trafford,https://www.premierleague.com/match/22599,26,2018-02-03,2,3,6,Stuart Attwell,74742,74.3,25.7,7,0,16,4,989,446,786,265,15,22,17,33,5,2,4,0,2,4,0,0,5,19,4-2-3-1,4-1-4-1
2017/18,West Brom,Southampton,2,3,The Hawthorns,https://www.premierleague.com/match/22601,26,2018-02-03,2,3,6,Michael Oliver,25911,38.9,61.1,3,5,9,13,508,720,322,522,11,14,14,27,5,7,1,2,2,1,0,0,12,10,4-4-2,4-2-3-1
2017/18,Arsenal,Everton,5,1,Emirates Stadium,https://www.premierleague.com/match/22592,26,2018-02-03,2,3,6,Neil Swarbrick,59306,58.4,41.6,7,2,15,10,735,586,553,376,22,11,27,26,4,6,1,3,2,0,0,0,8,8,4-2-3-1,3-4-3
2017/18,Man City,West Brom,3,0,Etihad Stadium,https://www.premierleague.com/match/22587,25,2018-02-01,2,1,4,Robert Madley,53241,74.3,25.7,10,1,19,3,864,418,695,246,16,17,7,27,9,1,0,0,1,3,0,0,10,10,4-3-3,4-4-1-1
2017/18,Stoke,Watford,0,0,bet365 Stadium,https://www.premierleague.com/match/22590,25,2018-02-01,2,1,4,Jonathan Moss,27458,48.4,51.6,4,2,11,11,477,484,279,300,10,13,39,38,2,6,5,0,4,3,0,0,12,12,4-2-3-1,4-3-3
2017/18,Spurs,Man Utd,2,0,Wembley Stadium,https://www.premierleague.com/match/22591,25,2018-02-01,2,1,4,Andre Marriner,81978,52.6,47.4,6,3,22,6,744,682,527,470,26,25,19,15,6,3,1,9,2,2,0,0,10,13,4-2-3-1,4-2-3-1
2017/18,Huddersfield,Liverpool,0,3,John Smith's Stadium,https://www.premierleague.com/match/22582,25,2018-01-31,1,31,3,Kevin Friend,24121,25.3,74.7,1,7,5,14,485,1084,308,913,11,13,38,17,1,4,0,0,3,2,0,0,8,8,5-3-2,4-3-3
2017/18,Chelsea,Bournemouth,0,3,Stamford Bridge,https://www.premierleague.com/match/22585,25,2018-01-31,1,31,3,Lee Probert,41464,65.7,34.3,5,5,21,11,840,535,618,329,16,23,9,36,8,5,4,2,1,0,0,0,5,12,3-4-2-1,3-4-3
2017/18,Everton,Leicester,2,1,Goodison Park,https://www.premierleague.com/match/22586,25,2018-01-31,1,31,3,Chris Kavanagh,38390,44.3,55.7,4,2,9,8,553,642,347,440,24,17,25,33,5,5,3,0,0,2,0,0,10,10,4-2-3-1,4-2-3-1
2017/18,Newcastle,Burnley,1,1,St. James' Park,https://www.premierleague.com/match/22588,25,2018-01-31,1,31,3,Simon Hooper,50174,52.5,47.5,4,2,14,11,621,571,397,364,17,18,43,28,7,4,2,0,1,2,0,0,15,15,4-4-1-1,4-4-1-1
2017/18,Southampton,Brighton,1,1,St. Mary's Stadium,https://www.premierleague.com/match/22589,25,2018-01-31,1,31,3,Mike Dean,30034,65.8,34.2,3,2,18,9,816,524,588,315,12,20,16,35,7,2,0,4,3,1,0,0,8,10,4-2-3-1,4-4-1-1
2017/18,Swansea,Arsenal,3,1,Liberty Stadium,https://www.premierleague.com/match/22583,25,2018-01-30,1,30,2,Lee Mason,20819,25.7,74.3,4,4,12,9,449,1050,306,894,13,11,24,15,4,3,0,3,0,3,0,0,4,8,5-4-1,4-3-3
2017/18,West Ham,Crystal Palace,1,1,London Stadium,https://www.premierleague.com/match/22584,25,2018-01-30,1,30,2,Neil Swarbrick,56911,40.4,59.6,3,3,8,9,483,648,296,454,25,9,24,20,5,3,2,0,1,3,0,0,11,15,3-4-2-1,4-4-2
2017/18,Swansea,Liverpool,1,0,Liberty Stadium,https://www.premierleague.com/match/22580,24,2018-01-23,1,23,2,Neil Swarbrick,20886,28.2,71.8,2,4,3,21,490,927,295,756,15,15,40,11,3,9,1,1,0,2,0,0,5,9,5-4-1,4-2-3-1
2017/18,Southampton,Spurs,1,1,St. Mary's Stadium,https://www.premierleague.com/match/22578,24,2018-01-21,1,21,7,Kevin Friend,31361,41.1,58.9,4,2,10,17,538,684,343,491,21,16,17,18,2,9,2,1,2,3,0,0,8,15,4-2-3-1,4-2-3-1
2017/18,Brighton,Chelsea,0,4,Amex Stadium,https://www.premierleague.com/match/22573,24,2018-01-20,1,20,6,Jonathan Moss,30600,41.7,58.3,3,10,10,14,543,712,362,535,11,13,14,22,5,3,4,0,3,0,0,0,12,5,5-3-2,3-4-3
2017/18,Arsenal,Crystal Palace,4,1,Emirates Stadium,https://www.premierleague.com/match/22572,24,2018-01-20,1,20,6,Chris Kavanagh,59386,63.0,37.0,10,5,16,9,916,604,727,406,19,15,30,20,5,10,0,0,3,1,0,0,6,8,4-1-4-1,4-4-2
2017/18,Burnley,Man Utd,0,1,Turf Moor,https://www.premierleague.com/match/22574,24,2018-01-20,1,20,6,Mike Dean,21841,48.2,51.8,3,2,14,12,618,684,423,461,24,13,23,37,5,4,1,2,3,3,0,0,7,13,4-4-1-1,4-3-3
2017/18,Everton,West Brom,1,1,Goodison Park,https://www.premierleague.com/match/22575,24,2018-01-20,1,20,6,Stuart Attwell,39061,56.8,43.2,4,5,9,15,680,579,474,356,21,15,25,21,0,3,0,0,2,1,0,0,15,10,4-2-3-1,4-4-2
2017/18,Leicester,Watford,2,0,King Power Stadium,https://www.premierleague.com/match/22576,24,2018-01-20,1,20,6,Lee Probert,31891,53.4,46.6,5,3,9,11,642,559,422,356,15,27,26,21,4,5,0,0,5,3,0,0,11,10,4-4-1-1,4-2-3-1
2017/18,Stoke,Huddersfield,2,0,bet365 Stadium,https://www.premierleague.com/match/22579,24,2018-01-20,1,20,6,Michael Oliver,29785,48.5,51.5,6,3,11,6,571,554,330,353,22,14,25,17,3,2,10,0,1,1,0,0,18,13,4-2-3-1,4-2-3-1
2017/18,West Ham,Bournemouth,1,1,London Stadium,https://www.premierleague.com/match/22581,24,2018-01-20,1,20,6,Martin Atkinson,56948,47.8,52.2,4,3,12,8,589,634,386,434,13,15,21,39,6,3,5,5,3,1,0,0,8,7,3-5-1-1,3-4-3
2017/18,Man City,Newcastle,3,1,Etihad Stadium,https://www.premierleague.com/match/22577,24,2018-01-20,1,20,6,Paul Tierney,54452,80.5,19.5,9,4,21,6,1019,397,799,193,23,18,20,41,18,0,4,2,0,1,0,0,5,10,4-3-3,5-4-1
2017/18,Man Utd,Stoke,3,0,Old Trafford,https://www.premierleague.com/match/22567,23,2018-01-16,1,16,2,Anthony Taylor,74726,60.3,39.7,9,5,20,11,764,549,604,395,15,16,12,16,6,1,4,0,2,1,0,0,14,10,4-2-3-1,4-2-3-1
2017/18,Bournemouth,Arsenal,2,1,Vitality Stadium,https://www.premierleague.com/match/22562,23,2018-01-14,1,14,7,Kevin Friend,10836,40.5,59.5,5,3,13,12,593,772,366,551,24,21,24,30,4,5,0,4,2,2,0,0,8,10,3-4-2-1,3-4-2-1
2017/18,Liverpool,Man City,4,3,Anfield,https://www.premierleague.com/match/22566,23,2018-01-14,1,14,7,Andre Marriner,53285,35.7,64.3,7,4,16,11,583,890,367,667,33,24,18,21,5,6,3,3,2,3,0,0,10,7,4-3-3,4-3-3
2017/18,Chelsea,Leicester,0,0,Stamford Bridge,https://www.premierleague.com/match/22563,23,2018-01-13,1,13,6,Mike Jones,41552,55.5,44.5,7,1,17,14,704,615,511,415,13,14,15,24,6,3,5,3,2,2,0,1,14,13,3-5-1-1,4-4-1-1
2017/18,Crystal Palace,Burnley,1,0,Selhurst Park,https://www.premierleague.com/match/22564,23,2018-01-13,1,13,6,Michael Oliver,24696,44.2,55.8,2,2,17,8,522,615,324,415,18,19,27,21,3,2,0,4,0,3,0,0,16,10,4-4-2,4-2-3-1
2017/18,Huddersfield,West Ham,1,4,John Smith's Stadium,https://www.premierleague.com/match/22565,23,2018-01-13,1,13,6,Jonathan Moss,24105,64.8,35.2,2,6,8,8,736,508,548,306,13,21,20,30,7,3,0,5,1,1,0,0,7,9,4-2-3-1,3-5-1-1
2017/18,Newcastle,Swansea,1,1,St. James' Park,https://www.premierleague.com/match/22568,23,2018-01-13,1,13,6,Graham Scott,51444,42.2,57.8,4,5,12,8,543,681,369,500,22,8,19,20,4,5,2,0,0,3,0,0,11,10,4-2-3-1,4-4-2
2017/18,Watford,Southampton,2,2,Vicarage Road,https://www.premierleague.com/match/22570,23,2018-01-13,1,13,6,Roger East,20018,55.6,44.4,4,4,16,10,686,582,464,376,14,15,21,32,5,4,0,3,0,5,0,0,11,13,4-2-3-1,4-2-3-1
2017/18,West Brom,Brighton,2,0,The Hawthorns,https://www.premierleague.com/match/22571,23,2018-01-13,1,13,6,Martin Atkinson,25240,44.1,55.9,4,1,15,13,545,638,355,450,9,17,25,35,9,6,0,0,3,2,0,0,8,15,4-4-2,4-4-1-1
2017/18,Spurs,Everton,4,0,Wembley Stadium,https://www.premierleague.com/match/22569,23,2018-01-13,1,13,6,Craig Pawson,76251,61.5,38.5,10,0,20,7,785,561,579,360,18,17,22,24,3,3,2,7,0,2,0,0,11,15,4-2-3-1,4-2-3-1
2017/18,Spurs,West Ham,1,1,Wembley Stadium,https://www.premierleague.com/match/22549,22,2018-01-05,1,5,5,Mike Dean,50034,70.7,29.3,8,1,31,3,881,504,669,283,19,18,15,41,7,1,3,3,0,2,0,0,10,6,4-2-3-1,3-5-1-1
2017/18,Man City,Watford,3,1,Etihad Stadium,https://www.premierleague.com/match/22557,22,2018-01-03,1,3,3,Lee Mason,53556,76.7,23.3,7,4,18,7,1035,441,854,261,14,25,7,22,9,1,1,3,1,1,0,0,8,12,4-3-3,4-2-3-1
2017/18,Arsenal,Chelsea,2,2,Emirates Stadium,https://www.premierleague.com/match/22552,22,2018-01-03,1,3,3,Anthony Taylor,59379,58.3,41.7,6,6,14,19,787,632,599,422,16,18,14,29,10,8,2,3,3,2,0,0,11,11,3-4-2-1,3-5-1-1
2017/18,Southampton,Crystal Palace,1,2,St. Mary's Stadium,https://www.premierleague.com/match/22558,22,2018-01-02,1,2,2,Stuart Attwell,28411,61.1,38.9,3,4,10,11,759,559,560,350,26,15,23,18,4,7,1,0,0,1,0,0,8,11,4-2-3-1,4-2-3-1
2017/18,Swansea,Spurs,0,2,Liberty Stadium,https://www.premierleague.com/match/22560,22,2018-01-02,1,2,2,Robert Madley,20615,32.3,67.7,1,5,8,12,506,863,313,675,18,21,19,21,6,5,4,2,2,2,0,0,12,9,5-3-2,4-2-3-1
2017/18,West Ham,West Brom,2,1,London Stadium,https://www.premierleague.com/match/22561,22,2018-01-02,1,2,2,Mike Jones,56888,52.6,47.4,5,3,13,12,657,601,449,413,15,16,32,37,3,4,1,1,3,2,0,0,12,12,3-4-2-1,4-2-3-1
2017/18,Brighton,Bournemouth,2,2,Amex Stadium,https://www.premierleague.com/match/22553,22,2018-01-01,1,1,1,Michael Oliver,30152,49.1,50.9,6,8,15,26,613,635,394,403,23,6,35,27,5,12,1,0,2,1,0,0,13,9,4-4-1-1,4-4-2
2017/18,Burnley,Liverpool,1,2,Turf Moor,https://www.premierleague.com/match/22554,22,2018-01-01,1,1,1,Roger East,21756,42.1,57.9,4,5,13,19,555,713,377,511,13,14,27,30,3,9,0,0,1,2,0,0,4,12,4-4-1-1,4-2-3-1
2017/18,Leicester,Huddersfield,3,0,King Power Stadium,https://www.premierleague.com/match/22556,22,2018-01-01,1,1,1,Graham Scott,31748,51.4,48.6,5,1,11,6,689,673,482,455,14,29,19,43,4,1,4,1,1,1,0,0,7,9,4-4-2,4-2-3-1
2017/18,Stoke,Newcastle,0,1,bet365 Stadium,https://www.premierleague.com/match/22559,22,2018-01-01,1,1,1,Chris Kavanagh,28471,58.8,41.2,4,6,11,14,674,542,463,335,14,17,27,39,10,5,2,0,3,1,0,0,10,11,4-3-3,4-2-3-1
2017/18,Everton,Man Utd,0,2,Goodison Park,https://www.premierleague.com/match/22555,22,2018-01-01,1,1,1,Andre Marriner,39188,39.8,60.2,0,6,12,21,566,763,365,585,12,12,32,28,6,6,1,1,2,0,0,0,11,10,4-2-3-1,4-3-3
2017/18,Crystal Palace,Man City,0,0,Selhurst Park,https://www.premierleague.com/match/22544,21,2017-12-31,12,31,7,Jonathan Moss,25804,25.5,74.5,2,4,10,15,406,840,205,626,19,14,31,26,7,8,4,2,5,4,0,0,14,11,4-3-3,4-3-3
2017/18,West Brom,Arsenal,1,1,The Hawthorns,https://www.premierleague.com/match/22551,21,2017-12-31,12,31,7,Mike Dean,26223,34.7,65.3,3,4,14,14,517,827,322,647,14,12,31,23,5,6,1,2,3,3,0,0,14,9,5-3-2,3-4-2-1
2017/18,Bournemouth,Everton,2,1,Vitality Stadium,https://www.premierleague.com/match/22542,21,2017-12-30,12,30,6,Lee Probert,10497,47.2,52.8,7,1,18,6,615,658,416,471,8,14,23,28,4,4,0,0,0,5,0,0,8,13,4-4-1-1,4-3-3
2017/18,Chelsea,Stoke,5,0,Stamford Bridge,https://www.premierleague.com/match/22543,21,2017-12-30,12,30,6,Kevin Friend,41433,58.5,41.5,12,1,21,1,824,626,653,474,9,27,9,22,7,0,3,2,1,1,0,0,5,10,3-4-3,4-2-3-1
2017/18,Huddersfield,Burnley,0,0,John Smith's Stadium,https://www.premierleague.com/match/22545,21,2017-12-30,12,30,6,Paul Tierney,24095,56.9,43.1,1,4,3,11,591,483,384,294,16,17,33,22,5,4,0,3,2,1,0,0,14,14,4-2-3-1,4-4-1-1
2017/18,Liverpool,Leicester,2,1,Anfield,https://www.premierleague.com/match/22546,21,2017-12-30,12,30,6,Neil Swarbrick,53226,60.6,39.4,6,1,18,7,788,570,566,371,15,16,27,32,7,1,4,3,3,2,0,0,7,3,4-3-3,4-4-1-1
2017/18,Newcastle,Brighton,0,0,St. James' Park,https://www.premierleague.com/match/22548,21,2017-12-30,12,30,6,Anthony Taylor,52209,45.3,54.7,2,3,11,10,614,702,411,505,12,13,20,37,3,6,1,2,2,2,0,0,11,10,4-4-2,4-4-1-1
2017/18,Watford,Swansea,1,2,Vicarage Road,https://www.premierleague.com/match/22550,21,2017-12-30,12,30,6,Martin Atkinson,20002,51.1,48.9,4,4,9,9,681,675,500,478,21,19,20,13,1,8,3,2,4,2,0,0,14,13,4-2-3-1,4-2-2-2
2017/18,Man Utd,Southampton,0,0,Old Trafford,https://www.premierleague.com/match/22547,21,2017-12-30,12,30,6,Craig Pawson,75051,54.5,45.5,3,3,15,8,706,615,500,423,14,19,29,31,10,7,1,2,2,4,0,0,12,13,4-2-3-1,4-2-3-1
2017/18,Crystal Palace,Arsenal,2,3,Selhurst Park,https://www.premierleague.com/match/22534,20,2017-12-29,12,29,5,Michael Oliver,25762,34.8,65.2,2,9,16,16,576,865,336,654,26,21,28,28,5,4,1,3,1,1,0,0,12,7,4-4-2,3-4-2-1
2017/18,Newcastle,Man City,0,1,St. James' Park,https://www.premierleague.com/match/22538,20,2017-12-27,12,27,3,Andre Marriner,52311,22.0,78.0,2,6,6,22,392,1000,228,824,14,15,23,9,3,8,4,4,1,0,0,0,11,6,5-4-1,4-3-3
2017/18,Spurs,Southampton,5,2,Wembley Stadium,https://www.premierleague.com/match/22539,20,2017-12-26,12,26,2,Graham Scott,57297,57.0,43.0,7,6,16,16,693,558,493,359,12,28,29,17,3,8,1,1,0,2,0,0,8,15,4-2-3-1,4-1-4-1
2017/18,Bournemouth,West Ham,3,3,Vitality Stadium,https://www.premierleague.com/match/22532,20,2017-12-26,12,26,2,Stuart Attwell,10596,56.5,43.5,10,5,25,10,640,553,424,333,15,22,12,33,7,4,0,2,3,4,0,0,12,14,4-4-1-1,3-4-2-1
2017/18,Chelsea,Brighton,2,0,Stamford Bridge,https://www.premierleague.com/match/22533,20,2017-12-26,12,26,2,Mike Dean,41568,67.1,32.9,8,1,25,8,854,501,695,341,12,13,13,32,13,1,2,2,0,1,0,0,8,8,3-5-1-1,4-5-1
2017/18,Huddersfield,Stoke,1,1,John Smith's Stadium,https://www.premierleague.com/match/22535,20,2017-12-26,12,26,2,Anthony Taylor,24047,58.3,41.7,7,7,18,15,735,593,500,372,17,31,20,41,8,5,2,2,2,4,0,0,9,12,4-2-3-1,4-2-3-1
2017/18,Man Utd,Burnley,2,2,Old Trafford,https://www.premierleague.com/match/22537,20,2017-12-26,12,26,2,Martin Atkinson,75046,71.3,28.7,6,2,24,3,858,462,638,270,11,14,18,56,12,2,0,1,3,7,0,0,10,14,4-2-3-1,4-1-4-1
2017/18,Watford,Leicester,2,1,Vicarage Road,https://www.premierleague.com/match/22540,20,2017-12-26,12,26,2,Chris Kavanagh,20308,49.8,50.2,1,5,11,11,575,577,355,359,20,15,30,22,8,8,4,6,3,3,0,0,7,13,4-3-3,4-2-3-1
2017/18,West Brom,Everton,0,0,The Hawthorns,https://www.premierleague.com/match/22541,20,2017-12-26,12,26,2,Roger East,25364,52.7,47.3,3,3,17,7,577,551,370,344,13,16,23,36,10,2,1,1,2,0,0,0,14,13,4-4-2,3-1-4-2
2017/18,Liverpool,Swansea,5,0,Anfield,https://www.premierleague.com/match/22536,20,2017-12-26,12,26,2,Kevin Friend,52850,55.0,45.0,9,4,22,7,784,663,601,496,20,13,7,21,4,2,3,0,0,1,0,0,5,8,4-3-3,4-5-1
2017/18,Everton,Chelsea,0,0,Goodison Park,https://www.premierleague.com/match/22525,19,2017-12-23,12,23,6,Robert Madley,39191,32.2,67.8,0,8,5,25,545,880,327,679,18,19,57,8,2,7,2,4,3,0,0,0,8,4,4-1-4-1,3-4-2-1
2017/18,Brighton,Watford,1,0,Amex Stadium,https://www.premierleague.com/match/22523,19,2017-12-23,12,23,6,Paul Tierney,30473,51.7,48.3,3,1,14,12,641,607,426,397,14,19,18,27,6,4,0,0,6,0,0,0,8,11,4-4-1-1,4-2-3-1
2017/18,Man City,Bournemouth,4,0,Etihad Stadium,https://www.premierleague.com/match/22527,19,2017-12-23,12,23,6,Mike Jones,54270,78.8,21.2,5,1,14,5,1057,390,901,232,19,10,10,27,4,6,4,2,0,1,0,0,8,7,4-3-3,3-4-2-1
2017/18,Southampton,Huddersfield,1,1,St. Mary's Stadium,https://www.premierleague.com/match/22528,19,2017-12-23,12,23,6,Lee Probert,29675,52.6,47.4,6,2,12,10,598,558,384,345,14,17,30,25,9,1,3,4,2,1,0,0,16,9,4-2-3-1,4-2-3-1
2017/18,Stoke,West Brom,3,1,bet365 Stadium,https://www.premierleague.com/match/22529,19,2017-12-23,12,23,6,Neil Swarbrick,29057,43.6,56.4,5,7,9,17,587,686,357,445,27,16,43,16,1,11,0,2,1,0,0,0,9,11,4-2-3-1,4-4-2
2017/18,Swansea,Crystal Palace,1,1,Liberty Stadium,https://www.premierleague.com/match/22530,19,2017-12-23,12,23,6,Craig Pawson,20354,64.3,35.7,2,5,7,13,790,551,594,336,18,21,13,21,6,3,1,1,2,3,0,0,13,11,4-3-3,4-4-2
2017/18,West Ham,Newcastle,2,3,London Stadium,https://www.premierleague.com/match/22531,19,2017-12-23,12,23,6,Lee Mason,56955,63.5,36.5,6,4,19,11,660,462,426,249,16,23,29,56,6,3,4,0,1,1,0,0,9,12,3-4-2-1,4-4-2
2017/18,Burnley,Spurs,0,3,Turf Moor,https://www.premierleague.com/match/22524,19,2017-12-23,12,23,6,Michael Oliver,21650,40.4,59.6,2,8,5,18,529,726,350,527,11,9,29,37,4,4,5,1,1,2,0,0,10,10,4-4-1-1,4-2-3-1
2017/18,Leicester,Man Utd,2,2,King Power Stadium,https://www.premierleague.com/match/22526,19,2017-12-23,12,23,6,Jonathan Moss,32202,49.7,50.3,3,6,11,19,610,652,448,448,8,17,16,29,4,6,0,5,2,2,1,0,19,8,4-2-3-1,4-2-3-1
2017/18,Arsenal,Liverpool,3,3,Emirates Stadium,https://www.premierleague.com/match/22522,19,2017-12-22,12,22,5,Martin Atkinson,59409,53.5,46.5,4,9,11,14,716,665,503,436,18,21,17,30,7,8,3,1,1,0,0,0,9,11,4-2-3-1,4-2-3-1
2017/18,Everton,Swansea,3,1,Goodison Park,https://www.premierleague.com/match/22516,18,2017-12-19,12,19,2,Jonathan Moss,37580,51.1,48.9,7,3,12,8,617,603,445,431,17,14,17,22,6,3,1,0,2,3,0,0,12,12,4-2-3-1,4-3-3
2017/18,West Brom,Man Utd,1,2,The Hawthorns,https://www.premierleague.com/match/22521,18,2017-12-17,12,17,7,Anthony Taylor,24782,43.1,56.9,5,3,12,8,607,762,433,588,15,12,14,20,6,3,1,1,1,3,0,0,14,7,4-3-3,4-2-3-1
2017/18,Bournemouth,Liverpool,0,4,Vitality Stadium,https://www.premierleague.com/match/22513,18,2017-12-17,12,17,7,Andre Marriner,10780,44.0,56.0,2,7,6,21,661,829,511,655,9,12,17,18,2,3,2,4,1,1,0,0,5,10,4-4-1-1,4-3-3
2017/18,Leicester,Crystal Palace,0,3,King Power Stadium,https://www.premierleague.com/match/22517,18,2017-12-16,12,16,6,Martin Atkinson,31081,56.1,43.9,2,6,11,13,678,587,452,368,16,25,12,35,6,4,2,2,1,0,0,0,12,13,4-2-3-1,4-4-2
2017/18,Arsenal,Newcastle,1,0,Emirates Stadium,https://www.premierleague.com/match/22512,18,2017-12-16,12,16,6,Stuart Attwell,59379,71.3,28.7,5,2,23,10,968,511,761,299,17,21,24,41,7,5,1,2,2,1,0,0,13,9,4-3-3,4-4-2
2017/18,Brighton,Burnley,0,0,Amex Stadium,https://www.premierleague.com/match/22514,18,2017-12-16,12,16,6,Chris Kavanagh,29921,57.8,42.2,2,7,12,11,695,535,475,358,11,12,37,28,8,2,2,2,4,2,0,0,13,13,4-2-3-1,4-4-1-1
2017/18,Chelsea,Southampton,1,0,Stamford Bridge,https://www.premierleague.com/match/22515,18,2017-12-16,12,16,6,Roger East,41562,53.6,46.4,8,2,24,6,768,654,545,474,13,20,17,25,8,4,3,2,1,3,0,0,8,16,3-4-2-1,3-4-2-1
2017/18,Watford,Huddersfield,1,4,Vicarage Road,https://www.premierleague.com/match/22520,18,2017-12-16,12,16,6,Michael Oliver,20026,59.4,40.6,3,9,13,15,662,508,452,310,18,24,14,20,8,7,3,3,2,2,1,1,12,17,3-4-2-1,4-4-2
2017/18,Stoke,West Ham,0,3,bet365 Stadium,https://www.premierleague.com/match/22519,18,2017-12-16,12,16,6,Graham Scott,29265,54.7,45.3,0,7,17,14,624,592,432,372,25,7,14,47,7,9,0,1,2,1,0,0,12,13,4-4-2,3-4-1-2
2017/18,Man City,Spurs,4,1,Etihad Stadium,https://www.premierleague.com/match/22518,18,2017-12-16,12,16,6,Craig Pawson,54214,52.9,47.1,11,2,20,7,649,607,456,412,18,17,7,13,5,1,4,2,2,4,0,0,13,20,4-3-3,4-1-2-1-2
2017/18,Liverpool,West Brom,0,0,Anfield,https://www.premierleague.com/match/22508,17,2017-12-14,12,14,4,Paul Tierney,53243,70.2,29.8,5,1,14,6,929,511,711,291,20,24,24,31,5,7,1,4,1,1,0,0,16,6,4-4-2,4-5-1
2017/18,Man Utd,Bournemouth,1,0,Old Trafford,https://www.premierleague.com/match/22505,17,2017-12-14,12,14,4,Graham Scott,74798,56.4,43.6,2,7,9,14,750,597,570,427,13,10,18,18,4,9,2,0,1,2,0,0,14,12,4-2-3-1,4-4-1-1
2017/18,Spurs,Brighton,2,0,Wembley Stadium,https://www.premierleague.com/match/22511,17,2017-12-14,12,14,4,Robert Madley,55124,75.1,24.9,8,4,25,7,946,427,749,248,15,13,4,37,10,2,3,1,1,1,0,0,5,10,4-2-3-1,4-5-1
2017/18,West Ham,Arsenal,0,0,London Stadium,https://www.premierleague.com/match/22507,17,2017-12-14,12,14,4,Jonathan Moss,56921,29.9,70.1,0,3,6,22,512,912,300,704,11,17,38,24,1,7,4,0,2,0,0,0,9,9,5-3-2,4-3-3
2017/18,Crystal Palace,Watford,2,1,Selhurst Park,https://www.premierleague.com/match/22503,17,2017-12-13,12,13,3,Lee Mason,23566,53.6,46.4,4,2,14,7,631,550,415,352,13,21,45,26,4,6,3,0,2,1,0,1,14,18,4-4-2,3-4-2-1
2017/18,Huddersfield,Chelsea,1,3,John Smith's Stadium,https://www.premierleague.com/match/22504,17,2017-12-13,12,13,3,Andre Marriner,24169,35.8,64.2,2,5,7,12,558,933,431,769,8,10,16,14,1,3,0,0,2,10,0,0,11,4,4-5-1,3-4-2-1
2017/18,Newcastle,Everton,0,1,St. James' Park,https://www.premierleague.com/match/22509,17,2017-12-13,12,13,3,Martin Atkinson,51042,55.0,45.0,4,4,16,7,717,652,509,426,17,25,7,49,4,1,2,3,1,2,1,0,10,11,4-2-3-1,4-2-3-1
2017/18,Southampton,Leicester,1,4,St. Mary's Stadium,https://www.premierleague.com/match/22510,17,2017-12-13,12,13,3,Chris Kavanagh,27714,53.4,46.6,4,11,11,16,621,573,413,369,19,23,18,17,9,9,3,1,1,0,0,0,13,9,4-2-3-1,4-2-3-1
2017/18,Swansea,Man City,0,4,Liberty Stadium,https://www.premierleague.com/match/22506,17,2017-12-13,12,13,3,Anthony Taylor,20870,21.5,78.5,3,10,7,23,383,1010,223,834,12,17,18,14,2,5,0,0,2,1,0,0,12,6,4-5-1,4-3-3
2017/18,Burnley,Stoke,1,0,Turf Moor,https://www.premierleague.com/match/22502,17,2017-12-12,12,12,2,Mike Jones,19909,51.0,49.0,2,7,10,14,599,566,392,380,14,17,36,36,6,4,0,0,4,2,0,0,6,14,4-4-1-1,4-4-2
2017/18,Southampton,Arsenal,1,1,St. Mary's Stadium,https://www.premierleague.com/match/22498,16,2017-12-10,12,10,7,Robert Madley,31643,33.0,67.0,3,6,6,11,567,928,375,758,14,13,36,13,4,5,4,1,2,2,0,0,12,10,4-2-3-1,3-4-2-1
2017/18,Liverpool,Everton,1,1,Anfield,https://www.premierleague.com/match/22495,16,2017-12-10,12,10,7,Craig Pawson,53082,79.4,20.6,3,2,23,3,963,383,736,197,13,21,8,49,12,1,1,0,1,3,0,0,8,11,4-3-3,4-4-2
2017/18,Man Utd,Man City,1,2,Old Trafford,https://www.premierleague.com/match/22496,16,2017-12-10,12,10,7,Michael Oliver,74847,35.4,64.6,5,7,8,14,517,789,329,606,22,18,17,15,2,8,4,0,4,2,0,0,16,10,4-2-3-1,4-3-3
2017/18,West Ham,Chelsea,1,0,London Stadium,https://www.premierleague.com/match/22501,16,2017-12-09,12,9,6,Anthony Taylor,56953,30.6,69.4,2,2,5,19,536,895,299,683,22,24,32,17,4,3,3,2,6,1,0,0,10,10,3-4-2-1,3-5-1-1
2017/18,Burnley,Watford,1,0,Turf Moor,https://www.premierleague.com/match/22492,16,2017-12-09,12,9,6,Lee Probert,19479,49.0,51.0,5,2,8,11,565,580,377,394,8,10,38,34,3,5,6,3,1,0,0,1,10,12,4-2-3-1,4-2-3-1
2017/18,Crystal Palace,Bournemouth,2,2,Selhurst Park,https://www.premierleague.com/match/22493,16,2017-12-09,12,9,6,Kevin Friend,24823,45.1,54.9,8,5,24,11,561,651,345,442,18,19,18,34,6,3,5,3,5,2,0,0,14,14,4-4-2,4-4-1-1
2017/18,Huddersfield,Brighton,2,0,John Smith's Stadium,https://www.premierleague.com/match/22494,16,2017-12-09,12,9,6,Stuart Attwell,24018,58.4,41.6,6,2,19,7,746,598,541,391,23,17,16,24,8,1,0,0,1,5,0,0,6,10,4-2-3-1,4-4-1-1
2017/18,Swansea,West Brom,1,0,Liberty Stadium,https://www.premierleague.com/match/22499,16,2017-12-09,12,9,6,Mike Dean,19580,54.3,45.7,3,1,18,7,675,589,461,396,20,15,24,29,6,3,1,2,2,5,0,0,8,18,4-3-3,4-4-2
2017/18,Spurs,Stoke,5,1,Wembley Stadium,https://www.premierleague.com/match/22500,16,2017-12-09,12,9,6,Roger East,62202,70.8,29.2,11,3,20,4,842,438,657,268,18,17,16,29,12,6,7,2,1,0,0,0,12,9,4-2-3-1,3-4-3
2017/18,Newcastle,Leicester,2,3,St. James' Park,https://www.premierleague.com/match/22497,16,2017-12-09,12,9,6,Neil Swarbrick,52117,37.8,62.2,4,5,10,13,519,751,337,562,21,20,22,16,6,5,1,2,2,1,0,0,10,8,4-4-1-1,4-4-1-1
2017/18,Bournemouth,Southampton,1,1,Vitality Stadium,https://www.premierleague.com/match/22483,15,2017-12-03,12,3,7,Jonathan Moss,10764,47.8,52.2,5,4,16,15,631,660,415,458,12,23,29,17,5,4,0,6,2,1,0,0,6,12,4-4-1-1,4-2-3-1
2017/18,Man City,West Ham,2,1,Etihad Stadium,https://www.premierleague.com/match/22488,15,2017-12-03,12,3,7,Mike Dean,54203,77.0,23.0,8,4,24,7,956,446,753,220,22,20,9,37,10,4,2,4,2,2,0,0,5,7,4-3-3,3-5-1-1
2017/18,Chelsea,Newcastle,3,1,Stamford Bridge,https://www.premierleague.com/match/22485,15,2017-12-02,12,2,6,Kevin Friend,41538,65.6,34.4,9,2,23,8,943,579,743,390,17,17,13,37,11,4,2,1,0,1,0,0,8,13,3-5-1-1,3-4-2-1
2017/18,Brighton,Liverpool,1,5,Amex Stadium,https://www.premierleague.com/match/22484,15,2017-12-02,12,2,6,Graham Scott,30634,42.8,57.2,2,6,6,12,626,824,489,662,18,17,15,19,2,2,0,2,1,0,0,0,8,7,4-4-1-1,3-5-1-1
2017/18,Everton,Huddersfield,2,0,Goodison Park,https://www.premierleague.com/match/22486,15,2017-12-02,12,2,6,Chris Kavanagh,39167,47.1,52.9,4,3,6,5,574,605,367,396,13,23,42,34,2,5,1,0,2,1,0,0,12,9,4-1-4-1,4-2-3-1
2017/18,Leicester,Burnley,1,0,King Power Stadium,https://www.premierleague.com/match/22487,15,2017-12-02,12,2,6,Paul Tierney,30714,51.6,48.4,3,4,16,14,610,581,415,382,7,23,24,27,10,7,1,6,0,2,0,0,3,11,4-4-1-1,4-4-1-1
2017/18,Stoke,Swansea,2,1,bet365 Stadium,https://www.premierleague.com/match/22489,15,2017-12-02,12,2,6,Craig Pawson,28261,44.1,55.9,3,3,10,10,583,649,377,458,13,24,35,21,2,6,3,0,2,0,0,0,12,10,4-4-2,4-1-2-1-2
2017/18,Watford,Spurs,1,1,Vicarage Road,https://www.premierleague.com/match/22490,15,2017-12-02,12,2,6,Martin Atkinson,20278,50.5,49.5,2,2,6,8,591,624,399,404,20,21,24,30,7,2,1,10,4,1,0,1,16,8,3-4-2-1,4-2-3-1
2017/18,West Brom,Crystal Palace,0,0,The Hawthorns,https://www.premierleague.com/match/22491,15,2017-12-02,12,2,6,Michael Oliver,23531,51.1,48.9,6,2,20,10,616,592,395,380,15,15,21,30,3,7,3,1,3,1,0,0,11,10,4-3-3,4-4-2
2017/18,Arsenal,Man Utd,1,3,Emirates Stadium,https://www.premierleague.com/match/22482,15,2017-12-02,12,2,6,Andre Marriner,59547,75.1,24.9,16,4,33,8,846,450,656,222,18,15,10,67,12,1,4,0,3,2,0,1,11,10,3-4-2-1,3-4-1-2
2017/18,Everton,West Ham,4,0,Goodison Park,https://www.premierleague.com/match/22479,14,2017-11-30,11,30,4,Michael Oliver,38242,43.9,56.1,5,3,8,7,613,703,411,511,19,11,49,13,2,6,2,1,2,1,0,0,16,6,4-1-4-1,4-1-4-1
2017/18,Man City,Southampton,2,1,Etihad Stadium,https://www.premierleague.com/match/22480,14,2017-11-30,11,30,4,Paul Tierney,53407,74.3,25.7,12,2,26,7,982,467,778,270,16,15,12,32,6,5,1,1,1,1,0,0,12,11,4-3-3,5-4-1
2017/18,Stoke,Liverpool,0,3,bet365 Stadium,https://www.premierleague.com/match/22481,14,2017-11-30,11,30,4,Martin Atkinson,29423,39.9,60.1,1,7,10,14,552,744,349,548,16,14,21,31,5,9,4,2,1,5,0,0,8,10,3-4-2-1,4-2-3-1
2017/18,Watford,Man Utd,2,4,Vicarage Road,https://www.premierleague.com/match/22476,14,2017-11-29,11,29,3,Jonathan Moss,20552,59.4,40.6,3,7,12,15,702,545,496,346,16,14,24,38,5,5,0,0,2,1,0,0,12,10,3-5-2,3-4-2-1
2017/18,West Brom,Newcastle,2,2,The Hawthorns,https://www.premierleague.com/match/22477,14,2017-11-29,11,29,3,Lee Probert,25534,47.9,52.1,4,4,8,14,610,654,401,435,22,18,29,29,1,6,0,0,0,2,0,0,13,12,3-5-2,4-2-3-1
2017/18,Bournemouth,Burnley,1,2,Vitality Stadium,https://www.premierleague.com/match/22473,14,2017-11-29,11,29,3,Roger East,10302,62.1,37.9,2,4,11,10,763,543,567,345,14,22,18,30,4,6,0,1,0,1,0,0,9,11,4-4-1-1,4-4-1-1
2017/18,Arsenal,Huddersfield,5,0,Emirates Stadium,https://www.premierleague.com/match/22472,14,2017-11-29,11,29,3,Graham Scott,59285,70.3,29.7,7,2,21,7,982,518,813,337,19,13,13,30,7,2,2,3,0,1,0,0,10,12,3-4-2-1,3-4-2-1
2017/18,Chelsea,Swansea,1,0,Stamford Bridge,https://www.premierleague.com/match/22478,14,2017-11-29,11,29,3,Neil Swarbrick,41365,61.1,38.9,10,0,21,2,827,611,608,404,22,16,15,42,15,1,0,0,1,0,0,0,10,7,3-4-2-1,4-3-1-2
2017/18,Brighton,Crystal Palace,0,0,Amex Stadium,https://www.premierleague.com/match/22474,14,2017-11-28,11,28,2,Andre Marriner,29889,53.2,46.8,4,4,10,10,636,586,452,405,19,9,18,24,10,5,5,0,2,0,0,0,13,8,4-4-1-1,4-4-2
2017/18,Leicester,Spurs,2,1,King Power Stadium,https://www.premierleague.com/match/22475,14,2017-11-28,11,28,2,Anthony Taylor,31950,37.4,62.6,4,6,7,18,558,764,336,561,23,19,45,16,4,9,2,1,1,2,0,0,7,10,4-4-1-1,3-5-2
2017/18,Southampton,Everton,4,1,St. Mary's Stadium,https://www.premierleague.com/match/22468,13,2017-11-26,11,26,7,Kevin Friend,30461,67.2,32.8,5,2,17,5,864,496,663,329,19,12,20,30,7,2,0,0,0,0,0,0,6,13,4-2-3-1,4-4-2
2017/18,Burnley,Arsenal,0,1,Turf Moor,https://www.premierleague.com/match/22462,13,2017-11-26,11,26,7,Lee Mason,21722,36.3,63.7,2,2,8,18,532,798,350,636,13,11,33,25,5,5,4,3,2,0,0,0,8,14,4-4-1-1,3-4-2-1
2017/18,Huddersfield,Man City,1,2,John Smith's Stadium,https://www.premierleague.com/match/22464,13,2017-11-26,11,26,7,Craig Pawson,24121,20.5,79.5,0,5,4,14,357,914,184,733,16,21,25,17,3,7,3,3,2,3,1,0,10,10,4-5-1,4-3-3
2017/18,West Ham,Leicester,1,1,London Stadium,https://www.premierleague.com/match/22471,13,2017-11-25,11,25,6,Martin Atkinson,56897,49.3,50.7,4,2,8,7,595,605,381,404,19,24,14,35,5,5,0,1,1,1,0,0,9,12,4-2-3-1,4-4-1-1
2017/18,Crystal Palace,Stoke,2,1,Selhurst Park,https://www.premierleague.com/match/22463,13,2017-11-25,11,25,6,Mike Dean,23723,54.0,46.0,5,3,10,10,708,667,492,425,27,20,19,29,5,2,2,1,1,1,0,0,9,5,4-4-2,3-4-2-1
2017/18,Man Utd,Brighton,1,0,Old Trafford,https://www.premierleague.com/match/22466,13,2017-11-25,11,25,6,Neil Swarbrick,75018,58.3,41.7,4,2,15,8,754,595,565,404,10,18,14,30,5,0,2,1,0,2,0,0,9,9,4-2-3-1,4-5-1
2017/18,Newcastle,Watford,0,3,St. James' Park,https://www.premierleague.com/match/22467,13,2017-11-25,11,25,6,Chris Kavanagh,52188,52.4,47.6,2,4,12,12,699,628,480,441,12,27,22,34,6,3,4,1,1,2,0,0,8,13,4-4-2,3-4-2-1
2017/18,Swansea,Bournemouth,0,0,Liberty Stadium,https://www.premierleague.com/match/22469,13,2017-11-25,11,25,6,Stuart Attwell,20228,48.2,51.8,1,5,10,9,630,681,447,472,17,16,25,31,4,5,3,1,4,2,0,0,18,6,4-1-2-1-2,4-4-1-1
2017/18,Spurs,West Brom,1,1,Wembley Stadium,https://www.premierleague.com/match/22470,13,2017-11-25,11,25,6,Mike Jones,65905,72.5,27.5,5,2,25,5,890,472,689,266,15,20,9,41,8,0,2,6,1,4,0,0,10,13,3-5-2,3-5-2
2017/18,Liverpool,Chelsea,1,1,Anfield,https://www.premierleague.com/match/22465,13,2017-11-25,11,25,6,Michael Oliver,53225,53.5,46.5,4,3,16,11,812,722,587,497,19,23,30,22,7,8,0,0,0,5,0,0,10,7,4-3-3,3-5-1-1
2017/18,Brighton,Stoke,2,2,Amex Stadium,https://www.premierleague.com/match/22454,12,2017-11-21,11,21,2,Lee Mason,29676,53.8,46.2,3,6,9,13,635,590,462,396,14,10,17,27,6,7,3,1,1,0,0,0,13,5,4-4-1-1,3-4-2-1
2017/18,Watford,West Ham,2,0,Vicarage Road,https://www.premierleague.com/match/22460,12,2017-11-19,11,19,7,Andre Marriner,20018,58.5,41.5,7,6,17,10,782,617,614,434,13,6,24,26,3,1,0,3,1,4,0,0,13,10,3-4-2-1,4-3-3
2017/18,Arsenal,Spurs,2,0,Emirates Stadium,https://www.premierleague.com/match/22452,12,2017-11-18,11,18,6,Mike Dean,59530,42.1,57.9,5,4,14,14,617,768,399,549,18,12,37,22,7,4,8,1,4,1,0,0,11,16,3-4-2-1,3-5-2
2017/18,Bournemouth,Huddersfield,4,0,Vitality Stadium,https://www.premierleague.com/match/22453,12,2017-11-18,11,18,6,Lee Probert,10879,30.7,69.3,5,3,9,19,428,736,246,539,12,19,48,10,8,11,1,0,3,2,1,0,13,10,4-4-1-1,4-2-3-1
2017/18,Burnley,Swansea,2,0,Turf Moor,https://www.premierleague.com/match/22455,12,2017-11-18,11,18,6,Martin Atkinson,18895,39.2,60.8,7,1,17,14,482,685,296,471,23,10,18,29,8,6,3,1,1,1,0,0,12,12,4-4-1-1,4-3-3
2017/18,Crystal Palace,Everton,2,2,Selhurst Park,https://www.premierleague.com/match/22456,12,2017-11-18,11,18,6,Anthony Taylor,25526,68.7,31.3,7,5,16,8,777,467,539,248,12,34,16,46,9,4,1,1,2,3,0,0,9,26,4-4-2,4-3-3
2017/18,Leicester,Man City,0,2,King Power Stadium,https://www.premierleague.com/match/22457,12,2017-11-18,11,18,6,Graham Scott,31908,25.3,74.7,0,4,2,12,423,943,266,784,11,13,24,17,1,7,3,1,1,1,0,0,8,10,4-4-1-1,4-3-3
2017/18,Liverpool,Southampton,3,0,Anfield,https://www.premierleague.com/match/22458,12,2017-11-18,11,18,6,Mike Jones,53256,61.1,38.9,8,0,21,5,765,552,562,362,11,26,20,36,10,2,2,2,1,1,0,0,15,9,4-3-3,4-2-3-1
2017/18,West Brom,Chelsea,0,4,The Hawthorns,https://www.premierleague.com/match/22461,12,2017-11-18,11,18,6,Jonathan Moss,23592,38.6,61.4,2,7,7,11,557,785,378,610,18,14,16,20,3,4,3,1,2,3,0,0,13,12,3-5-2,3-5-1-1
2017/18,Man Utd,Newcastle,4,1,Old Trafford,https://www.premierleague.com/match/22459,12,2017-11-18,11,18,6,Craig Pawson,75035,64.7,35.3,7,5,16,12,811,526,620,344,15,18,20,34,11,4,1,1,1,1,0,0,10,9,4-2-3-1,4-4-2
2017/18,Spurs,Crystal Palace,1,0,Wembley Stadium,https://www.premierleague.com/match/22450,11,2017-11-05,11,5,7,Kevin Friend,65270,68.4,31.6,2,3,12,11,796,474,583,268,20,19,30,41,10,9,3,4,0,2,0,0,6,7,3-5-1-1,4-4-2
2017/18,Man City,Arsenal,3,1,Etihad Stadium,https://www.premierleague.com/match/22445,11,2017-11-05,11,5,7,Michael Oliver,54286,58.2,41.8,5,3,9,6,807,617,624,450,18,16,22,13,5,5,3,3,1,6,0,0,15,15,4-3-3,3-4-2-1
2017/18,Chelsea,Man Utd,1,0,Stamford Bridge,https://www.premierleague.com/match/22442,11,2017-11-05,11,5,7,Anthony Taylor,41615,54.0,46.0,8,2,18,10,665,598,471,396,14,13,16,22,4,7,0,0,1,3,0,0,16,20,3-1-4-2,3-4-1-2
2017/18,Everton,Watford,3,2,Goodison Park,https://www.premierleague.com/match/22443,11,2017-11-05,11,5,7,Graham Scott,38609,37.9,62.1,5,3,9,11,509,688,294,472,20,14,37,23,2,5,5,1,0,2,0,0,14,12,4-3-3,4-3-3
2017/18,Stoke,Leicester,2,2,bet365 Stadium,https://www.premierleague.com/match/22448,11,2017-11-04,11,4,6,Robert Madley,29602,47.2,52.8,7,4,11,14,550,613,379,424,15,14,18,24,4,10,0,0,0,5,0,0,12,8,3-4-2-1,4-4-1-1
2017/18,Huddersfield,West Brom,1,0,John Smith's Stadium,https://www.premierleague.com/match/22444,11,2017-11-04,11,4,6,Roger East,24169,50.1,49.9,3,3,7,9,618,599,421,417,20,13,33,18,3,5,4,4,1,4,1,0,8,15,4-4-1-1,3-5-2
2017/18,Newcastle,Bournemouth,0,1,St. James' Park,https://www.premierleague.com/match/22446,11,2017-11-04,11,4,6,Paul Tierney,52237,48.0,52.0,4,6,16,16,569,594,373,407,19,10,28,24,11,9,5,1,2,2,0,0,11,12,4-4-2,4-4-2
2017/18,Southampton,Burnley,0,1,St. Mary's Stadium,https://www.premierleague.com/match/22447,11,2017-11-04,11,4,6,Lee Probert,30491,62.8,37.2,3,1,13,5,748,516,575,344,15,11,18,35,9,1,0,0,2,1,0,0,4,4,4-2-3-1,4-4-1-1
2017/18,Swansea,Brighton,0,1,Liberty Stadium,https://www.premierleague.com/match/22449,11,2017-11-04,11,4,6,Mike Dean,20822,56.1,43.9,2,2,12,5,653,542,468,371,12,17,19,36,8,7,1,2,2,1,0,0,13,12,4-3-3,4-4-2
2017/18,West Ham,Liverpool,1,4,London Stadium,https://www.premierleague.com/match/22451,11,2017-11-04,11,4,6,Neil Swarbrick,56961,48.0,52.0,1,7,6,15,622,657,442,488,10,20,14,20,2,3,5,1,3,0,0,0,9,13,3-4-2-1,4-2-2-2
2017/18,Burnley,Newcastle,1,0,Turf Moor,https://www.premierleague.com/match/22435,10,2017-10-31,10,31,2,Mike Dean,21031,47.1,52.9,5,5,12,12,649,699,451,521,14,10,29,27,5,3,4,1,3,0,0,0,9,10,4-4-1-1,4-2-3-1
2017/18,Brighton,Southampton,1,1,Amex Stadium,https://www.premierleague.com/match/22434,10,2017-10-29,10,29,7,Neil Swarbrick,30564,51.9,48.1,2,1,7,6,657,623,490,450,18,16,20,17,2,7,0,1,3,1,0,0,9,10,4-4-1-1,4-1-4-1
2017/18,Leicester,Everton,2,0,King Power Stadium,https://www.premierleague.com/match/22437,10,2017-10-29,10,29,7,Andre Marriner,31891,40.4,59.6,3,2,9,15,529,670,324,470,14,19,31,25,3,10,4,1,0,2,0,0,6,10,4-4-1-1,4-4-1-1
2017/18,Man Utd,Spurs,1,0,Old Trafford,https://www.premierleague.com/match/22439,10,2017-10-28,10,28,6,Jonathan Moss,75034,44.8,55.2,3,4,11,13,624,719,405,509,9,11,30,33,6,3,2,1,1,0,0,0,12,14,3-4-1-2,3-5-1-1
2017/18,Arsenal,Swansea,2,1,Emirates Stadium,https://www.premierleague.com/match/22432,10,2017-10-28,10,28,6,Lee Mason,59493,72.9,27.1,5,2,17,4,963,467,805,300,16,14,13,38,5,2,0,0,2,1,0,0,9,9,3-4-2-1,3-5-2
2017/18,Crystal Palace,West Ham,2,2,Selhurst Park,https://www.premierleague.com/match/22436,10,2017-10-28,10,28,6,Robert Madley,25242,55.9,44.1,9,2,20,6,624,554,410,331,21,23,17,36,11,2,3,1,1,2,0,0,18,15,4-4-2,3-5-2
2017/18,Liverpool,Huddersfield,3,0,Anfield,https://www.premierleague.com/match/22438,10,2017-10-28,10,28,6,Kevin Friend,53268,73.4,26.6,8,0,16,1,933,452,766,280,14,13,14,27,9,2,0,1,0,1,0,0,10,8,4-3-3,4-5-1
2017/18,Watford,Stoke,0,1,Vicarage Road,https://www.premierleague.com/match/22440,10,2017-10-28,10,28,6,Michael Oliver,20087,70.2,29.8,0,2,15,6,756,463,561,249,11,18,14,57,8,1,4,2,4,4,0,0,10,9,4-2-3-1,3-4-2-1
2017/18,West Brom,Man City,2,3,The Hawthorns,https://www.premierleague.com/match/22441,10,2017-10-28,10,28,6,Mike Jones,24003,21.7,78.3,4,5,7,15,416,1116,254,929,21,16,16,21,1,2,5,1,2,3,0,0,10,7,3-5-2,4-3-3
2017/18,Bournemouth,Chelsea,0,1,Vitality Stadium,https://www.premierleague.com/match/22433,10,2017-10-28,10,28,6,Craig Pawson,10998,41.7,58.3,1,5,7,18,634,825,459,653,7,16,19,13,5,5,0,5,2,0,0,0,5,5,3-4-1-2,3-4-2-1
2017/18,Everton,Arsenal,2,5,Goodison Park,https://www.premierleague.com/match/22423,9,2017-10-22,10,22,7,Craig Pawson,39189,32.4,67.6,3,14,9,30,475,807,287,616,8,12,30,23,0,7,2,1,1,1,1,0,14,14,3-4-2-1,3-4-2-1
2017/18,Spurs,Liverpool,4,1,Wembley Stadium,https://www.premierleague.com/match/22430,9,2017-10-22,10,22,7,Andre Marriner,80827,36.2,63.8,6,7,14,12,560,830,359,629,22,26,29,12,3,5,1,2,0,1,0,0,2,8,3-5-2,4-3-3
2017/18,Chelsea,Watford,4,2,Stamford Bridge,https://www.premierleague.com/match/22422,9,2017-10-21,10,21,6,Jonathan Moss,41467,52.5,47.5,8,5,14,16,675,608,462,406,22,17,28,13,6,6,6,3,2,3,0,0,13,16,3-4-3,3-4-3
2017/18,Huddersfield,Man Utd,2,1,John Smith's Stadium,https://www.premierleague.com/match/22424,9,2017-10-21,10,21,6,Lee Mason,24169,22.1,77.9,3,3,5,9,423,947,210,741,27,13,49,17,4,7,2,3,4,2,0,0,10,12,4-2-3-1,4-2-3-1
2017/18,Man City,Burnley,3,0,Etihad Stadium,https://www.premierleague.com/match/22425,9,2017-10-21,10,21,6,Roger East,54118,77.4,22.6,10,0,15,6,964,389,803,227,9,14,17,20,4,5,1,2,2,3,0,0,10,6,4-3-3,4-4-1-1
2017/18,Newcastle,Crystal Palace,1,0,St. James' Park,https://www.premierleague.com/match/22426,9,2017-10-21,10,21,6,Stuart Attwell,52251,55.3,44.7,3,0,7,10,642,568,453,365,16,16,30,28,3,5,0,1,4,2,0,0,12,14,4-2-3-1,4-4-2
2017/18,Stoke,Bournemouth,1,2,bet365 Stadium,https://www.premierleague.com/match/22428,9,2017-10-21,10,21,6,Lee Probert,29500,52.3,47.7,3,3,11,7,594,586,407,391,11,17,9,42,8,3,4,1,0,1,0,0,17,10,3-4-3,4-4-1-1
2017/18,Swansea,Leicester,1,2,Liberty Stadium,https://www.premierleague.com/match/22429,9,2017-10-21,10,21,6,Michael Oliver,20521,55.8,44.2,4,6,19,11,685,578,463,381,17,23,21,29,7,6,0,3,0,1,0,0,6,9,4-3-3,4-4-1-1
2017/18,Southampton,West Brom,1,0,St. Mary's Stadium,https://www.premierleague.com/match/22427,9,2017-10-21,10,21,6,Graham Scott,29947,65.7,34.3,6,2,20,7,797,482,589,307,21,10,30,31,8,3,2,1,0,1,0,0,10,8,4-1-2-1-2,4-5-1
2017/18,West Ham,Brighton,0,3,London Stadium,https://www.premierleague.com/match/22431,9,2017-10-20,10,20,5,Martin Atkinson,56977,65.0,35.0,2,5,16,7,786,527,604,337,15,10,3,45,10,3,3,1,1,0,0,0,5,13,4-2-3-1,4-4-2
2017/18,Leicester,West Brom,1,1,King Power Stadium,https://www.premierleague.com/match/22415,8,2017-10-16,10,16,1,Mike Dean,30203,57.0,43.0,3,1,11,5,688,579,486,378,21,15,18,28,4,1,1,1,2,2,0,0,13,6,4-4-1-1,4-3-3
2017/18,Brighton,Everton,1,1,Amex Stadium,https://www.premierleague.com/match/22412,8,2017-10-15,10,15,7,Michael Oliver,30565,46.9,53.1,3,6,12,13,595,665,385,451,18,20,26,31,7,1,5,1,4,1,0,0,12,10,4-4-2,4-2-3-1
2017/18,Southampton,Newcastle,2,2,St. Mary's Stadium,https://www.premierleague.com/match/22418,8,2017-10-15,10,15,7,Kevin Friend,31437,61.8,38.2,2,5,12,19,780,539,583,347,11,14,32,39,3,8,1,0,1,2,0,0,11,12,4-4-2,4-4-2
2017/18,Liverpool,Man Utd,0,0,Anfield,https://www.premierleague.com/match/22416,8,2017-10-14,10,14,6,Martin Atkinson,52912,62.2,37.8,5,1,19,6,807,549,580,354,17,21,24,28,7,3,3,1,0,2,0,0,7,13,4-3-3,4-2-3-1
2017/18,Burnley,West Ham,1,1,Turf Moor,https://www.premierleague.com/match/22413,8,2017-10-14,10,14,6,Stuart Attwell,20945,62.1,37.9,5,6,20,8,634,452,454,285,12,9,15,30,7,4,2,1,2,2,0,1,11,14,4-4-1-1,4-4-2
2017/18,Crystal Palace,Chelsea,2,1,Selhurst Park,https://www.premierleague.com/match/22414,8,2017-10-14,10,14,6,Andre Marriner,25480,43.0,57.0,5,5,14,15,652,795,431,559,23,23,24,37,5,8,1,6,2,1,0,0,7,6,4-4-2,3-4-3
2017/18,Man City,Stoke,7,2,Etihad Stadium,https://www.premierleague.com/match/22417,8,2017-10-14,10,14,6,Craig Pawson,54128,79.3,20.7,11,1,20,5,1031,361,892,231,12,12,6,16,5,0,2,1,0,1,0,0,5,8,4-3-3,4-4-1-1
2017/18,Swansea,Huddersfield,2,0,Liberty Stadium,https://www.premierleague.com/match/22419,8,2017-10-14,10,14,6,Paul Tierney,20657,40.2,59.8,3,2,7,7,533,712,360,539,15,16,15,16,5,3,1,0,1,5,0,0,12,16,4-3-3,4-2-3-1
2017/18,Spurs,Bournemouth,1,0,Wembley Stadium,https://www.premierleague.com/match/22420,8,2017-10-14,10,14,6,Robert Madley,73502,72.9,27.1,6,1,18,5,890,419,688,254,19,11,18,31,9,5,3,1,1,3,0,0,9,7,4-2-3-1,3-5-1-1
2017/18,Watford,Arsenal,2,1,Vicarage Road,https://www.premierleague.com/match/22421,8,2017-10-14,10,14,6,Neil Swarbrick,20384,46.1,53.9,2,6,11,9,653,723,465,552,15,18,24,36,2,5,1,0,1,0,0,0,8,10,3-4-3,3-4-2-1
2017/18,Arsenal,Brighton,2,0,Emirates Stadium,https://www.premierleague.com/match/22402,7,2017-10-01,10,1,7,Kevin Friend,59378,65.2,34.8,11,1,25,9,874,548,697,357,15,10,23,22,6,5,2,3,0,2,0,0,7,8,3-4-2-1,4-5-1
2017/18,Everton,Burnley,0,1,Goodison Park,https://www.premierleague.com/match/22405,7,2017-10-01,10,1,7,Jonathan Moss,38448,63.2,36.8,4,2,25,5,704,515,501,295,8,18,43,60,9,3,1,1,2,2,0,0,14,7,4-2-2-2,4-4-1-1
2017/18,Newcastle,Liverpool,1,1,St. James' Park,https://www.premierleague.com/match/22408,7,2017-10-01,10,1,7,Craig Pawson,52303,32.2,67.8,5,2,8,17,470,812,295,613,14,16,35,14,1,5,1,2,1,1,0,0,11,6,4-2-3-1,4-3-3
2017/18,Huddersfield,Spurs,0,4,John Smith's Stadium,https://www.premierleague.com/match/22406,7,2017-09-30,9,30,6,Neil Swarbrick,24169,40.5,59.5,1,7,6,14,579,769,368,558,25,16,25,31,4,7,4,2,1,1,0,0,7,4,4-2-3-1,3-4-2-1
2017/18,Bournemouth,Leicester,0,0,Vitality Stadium,https://www.premierleague.com/match/22403,7,2017-09-30,9,30,6,Graham Scott,10444,60.9,39.1,4,1,19,8,753,540,540,347,12,19,31,38,7,5,1,3,1,0,0,0,6,10,4-4-1-1,4-4-1-1
2017/18,Man Utd,Crystal Palace,4,0,Old Trafford,https://www.premierleague.com/match/22407,7,2017-09-30,9,30,6,Mike Dean,75118,59.3,40.7,7,1,18,6,750,582,566,377,17,20,18,18,6,5,0,0,2,1,0,0,6,9,4-2-3-1,4-3-3
2017/18,Stoke,Southampton,2,1,bet365 Stadium,https://www.premierleague.com/match/22409,7,2017-09-30,9,30,6,Mike Jones,29285,29.5,70.5,6,3,17,21,460,838,262,620,14,14,42,19,5,6,1,3,1,2,0,0,11,10,3-4-2-1,4-2-3-1
2017/18,West Brom,Watford,2,2,The Hawthorns,https://www.premierleague.com/match/22410,7,2017-09-30,9,30,6,Michael Oliver,24606,34.9,65.1,4,3,9,15,501,757,295,552,25,21,45,22,7,6,1,1,3,0,0,0,12,11,4-2-3-1,4-2-3-1
2017/18,West Ham,Swansea,1,0,London Stadium,https://www.premierleague.com/match/22411,7,2017-09-30,9,30,6,Roger East,56922,43.2,56.8,4,1,9,6,585,690,375,501,22,14,25,18,2,1,1,0,3,2,0,0,15,13,4-4-2,4-3-1-2
2017/18,Chelsea,Man City,0,1,Stamford Bridge,https://www.premierleague.com/match/22404,7,2017-09-30,9,30,6,Martin Atkinson,41530,38.1,61.9,2,6,4,17,589,836,395,653,19,19,20,20,4,8,8,0,0,2,0,0,8,13,3-5-1-1,4-3-3
2017/18,Arsenal,West Brom,2,0,Emirates Stadium,https://www.premierleague.com/match/22392,6,2017-09-25,9,25,1,Robert Madley,59134,69.1,30.9,6,3,16,7,821,439,615,272,15,16,24,23,7,4,0,0,1,4,0,0,8,17,3-4-2-1,3-5-2
2017/18,Brighton,Newcastle,1,0,Amex Stadium,https://www.premierleague.com/match/22393,6,2017-09-24,9,24,7,Andre Marriner,30468,48.8,51.2,3,5,7,17,629,658,438,458,16,14,40,29,2,8,1,0,2,1,0,0,6,8,4-4-1-1,4-2-3-1
2017/18,West Ham,Spurs,2,3,London Stadium,https://www.premierleague.com/match/22401,6,2017-09-23,9,23,6,Michael Oliver,56988,48.9,51.1,4,5,10,15,592,618,367,394,19,19,23,39,4,3,6,5,4,2,0,1,10,20,3-4-3,3-5-1-1
2017/18,Burnley,Huddersfield,0,0,Turf Moor,https://www.premierleague.com/match/22394,6,2017-09-23,9,23,6,Chris Kavanagh,20759,52.0,48.0,2,2,4,9,645,632,456,417,15,25,22,35,3,4,5,3,3,2,0,0,9,14,4-5-1,4-2-3-1
2017/18,Everton,Bournemouth,2,1,Goodison Park,https://www.premierleague.com/match/22395,6,2017-09-23,9,23,6,Martin Atkinson,38133,50.6,49.4,3,4,12,8,623,598,426,415,19,13,24,22,4,6,3,1,3,1,0,0,12,11,4-3-3,4-4-1-1
2017/18,Man City,Crystal Palace,5,0,Etihad Stadium,https://www.premierleague.com/match/22397,6,2017-09-23,9,23,6,Neil Swarbrick,53526,71.9,28.1,9,0,25,5,911,458,724,281,6,16,6,30,8,2,0,1,3,1,0,0,6,7,4-3-3,4-2-3-1
2017/18,Southampton,Man Utd,0,1,St. Mary's Stadium,https://www.premierleague.com/match/22398,6,2017-09-23,9,23,6,Craig Pawson,31930,60.6,39.4,4,4,14,9,736,564,544,368,18,16,10,40,8,4,3,2,1,4,0,0,12,9,4-2-3-1,4-2-3-1
2017/18,Stoke,Chelsea,0,4,bet365 Stadium,https://www.premierleague.com/match/22399,6,2017-09-23,9,23,6,Mike Dean,29661,44.1,55.9,2,4,13,7,593,739,407,547,18,26,8,29,5,0,0,1,2,2,0,0,5,14,3-4-3,3-4-2-1
2017/18,Swansea,Watford,1,2,Liberty Stadium,https://www.premierleague.com/match/22400,6,2017-09-23,9,23,6,Lee Mason,20372,50.8,49.2,3,4,10,8,628,643,429,433,21,17,17,43,5,4,0,3,1,3,0,0,9,16,3-5-2,4-2-3-1
2017/18,Leicester,Liverpool,2,3,King Power Stadium,https://www.premierleague.com/match/22396,6,2017-09-23,9,23,6,Anthony Taylor,32004,43.3,56.7,7,6,12,23,590,688,360,486,15,14,26,34,3,6,4,1,3,3,0,0,13,14,4-4-1-1,4-3-3
2017/18,Chelsea,Arsenal,0,0,Stamford Bridge,https://www.premierleague.com/match/22383,5,2017-09-17,9,17,7,Michael Oliver,41478,50.6,49.4,4,2,13,11,729,706,532,520,13,19,21,24,5,1,4,2,2,3,1,0,11,15,3-4-2-1,3-4-2-1
2017/18,Man Utd,Everton,4,0,Old Trafford,https://www.premierleague.com/match/22387,5,2017-09-17,9,17,7,Andre Marriner,75042,49.2,50.8,7,3,16,7,665,682,476,510,14,22,13,29,4,1,2,3,1,1,0,0,15,14,4-2-3-1,3-4-2-1
2017/18,Crystal Palace,Southampton,0,1,Selhurst Park,https://www.premierleague.com/match/22384,5,2017-09-16,9,16,6,Robert Madley,24199,45.6,54.4,3,4,14,13,601,699,410,503,15,15,22,36,5,5,0,1,5,1,0,0,14,13,4-4-1-1,4-2-3-1
2017/18,Huddersfield,Leicester,1,1,John Smith's Stadium,https://www.premierleague.com/match/22385,5,2017-09-16,9,16,6,Jonathan Moss,24169,59.8,40.2,3,1,15,10,701,558,486,344,16,8,31,38,8,4,3,1,1,1,0,0,6,6,4-2-3-1,4-4-1-1
2017/18,Liverpool,Burnley,1,1,Anfield,https://www.premierleague.com/match/22386,5,2017-09-16,9,16,6,Roger East,53231,71.3,28.7,9,4,35,5,875,448,676,277,6,11,9,37,12,2,1,5,1,2,0,0,7,9,4-3-3,4-4-1-1
2017/18,Newcastle,Stoke,2,1,St. James' Park,https://www.premierleague.com/match/22388,5,2017-09-16,9,16,6,Stuart Attwell,51795,42.1,57.9,3,4,14,13,497,625,291,405,25,15,37,25,7,5,2,1,3,1,0,0,13,11,4-2-3-1,3-4-2-1
2017/18,Watford,Man City,0,6,Vicarage Road,https://www.premierleague.com/match/22390,5,2017-09-16,9,16,6,Andy Taylor,20305,32.6,67.4,1,10,7,28,482,840,312,637,7,19,22,24,3,11,2,0,2,0,0,0,8,6,4-2-3-1,4-3-3
2017/18,West Brom,West Ham,0,0,The Hawthorns,https://www.premierleague.com/match/22391,5,2017-09-16,9,16,6,Paul Tierney,24942,36.8,63.2,1,1,6,9,436,647,290,487,7,11,24,16,2,3,3,2,2,2,0,0,15,7,4-2-3-1,3-4-3
2017/18,Spurs,Swansea,0,0,Wembley Stadium,https://www.premierleague.com/match/22389,5,2017-09-16,9,16,6,Mike Dean,65366,74.9,25.1,8,0,26,4,955,440,757,257,14,17,11,44,11,1,0,0,1,3,0,0,11,9,3-5-1-1,3-5-2
2017/18,Bournemouth,Brighton,2,1,Vitality Stadium,https://www.premierleague.com/match/22382,5,2017-09-15,9,15,5,Craig Pawson,10369,62.5,37.5,3,2,15,9,839,560,647,390,12,19,14,25,6,4,0,0,1,1,0,0,5,12,4-4-1-1,4-4-1-1
2017/18,West Ham,Huddersfield,2,0,London Stadium,https://www.premierleague.com/match/22381,4,2017-09-11,9,11,1,Kevin Friend,56977,43.5,56.5,3,2,19,10,535,636,311,426,21,19,23,44,10,3,0,1,1,2,0,0,11,14,3-4-3,4-2-3-1
2017/18,Burnley,Crystal Palace,1,0,Turf Moor,https://www.premierleague.com/match/22374,4,2017-09-10,9,10,7,Michael Oliver,18862,35.3,64.7,2,4,4,23,472,677,254,450,18,12,52,20,3,13,8,1,1,1,0,0,7,14,4-4-2,4-3-3
2017/18,Swansea,Newcastle,0,1,Liberty Stadium,https://www.premierleague.com/match/22380,4,2017-09-10,9,10,7,Mike Jones,20872,61.8,38.2,4,8,10,16,738,528,525,329,14,21,28,34,7,5,1,0,2,3,0,0,11,15,4-3-1-2,4-2-3-1
2017/18,Man City,Liverpool,5,0,Etihad Stadium,https://www.premierleague.com/match/22377,4,2017-09-09,9,9,6,Jonathan Moss,54172,66.1,33.9,10,3,13,7,892,540,730,372,14,15,14,22,8,3,5,2,2,2,0,1,10,9,3-1-4-2,4-3-3
2017/18,Arsenal,Bournemouth,3,0,Emirates Stadium,https://www.premierleague.com/match/22372,4,2017-09-09,9,9,6,Anthony Taylor,59262,58.4,41.6,9,2,17,7,760,587,583,401,16,11,20,19,10,3,4,0,0,1,0,0,14,10,3-4-2-1,3-5-1-1
2017/18,Brighton,West Brom,3,1,Amex Stadium,https://www.premierleague.com/match/22373,4,2017-09-09,9,9,6,Chris Kavanagh,30381,48.6,51.4,6,3,12,12,628,656,448,461,17,8,35,26,2,6,1,1,2,0,0,0,9,4,4-4-1-1,4-1-4-1
2017/18,Everton,Spurs,0,3,Goodison Park,https://www.premierleague.com/match/22375,4,2017-09-09,9,9,6,Graham Scott,38835,50.7,49.3,1,6,12,15,662,664,464,458,17,13,22,31,7,3,4,3,3,1,0,0,14,14,4-2-3-1,3-5-1-1
2017/18,Leicester,Chelsea,1,2,King Power Stadium,https://www.premierleague.com/match/22376,4,2017-09-09,9,9,6,Lee Mason,31923,40.4,59.6,2,6,8,16,546,719,347,521,18,20,21,20,2,9,1,3,1,0,0,0,11,8,4-4-2,3-4-2-1
2017/18,Southampton,Watford,0,2,St. Mary's Stadium,https://www.premierleague.com/match/22378,4,2017-09-09,9,9,6,Lee Probert,31435,52.7,47.3,1,3,9,12,637,601,423,384,19,19,22,34,7,4,0,0,2,1,0,0,8,11,4-2-3-1,4-2-3-1
2017/18,Stoke,Man Utd,2,2,bet365 Stadium,https://www.premierleague.com/match/22379,4,2017-09-09,9,9,6,Neil Swarbrick,29320,36.8,63.2,5,8,10,18,503,750,332,564,19,9,24,15,5,11,0,0,1,4,0,0,10,10,3-4-2-1,4-3-3
2017/18,Chelsea,Everton,2,0,Stamford Bridge,https://www.premierleague.com/match/22363,3,2017-08-27,8,27,7,Jonathan Moss,41382,56.7,43.3,7,0,18,7,761,624,583,437,14,17,23,28,6,3,0,0,2,2,0,0,12,7,3-4-2-1,3-4-2-1
2017/18,West Brom,Stoke,1,1,The Hawthorns,https://www.premierleague.com/match/22371,3,2017-08-27,8,27,7,Anthony Taylor,22704,42.8,57.2,2,2,10,16,494,649,314,438,17,20,24,40,10,4,2,0,2,2,0,0,10,9,4-2-3-1,3-4-2-1
2017/18,Liverpool,Arsenal,4,0,Anfield,https://www.premierleague.com/match/22366,3,2017-08-27,8,27,7,Martin Atkinson,53206,48.6,51.4,10,0,18,8,685,715,507,539,19,13,19,21,4,3,3,5,2,4,0,0,6,9,4-3-3,3-4-2-1
2017/18,Spurs,Burnley,1,1,Wembley Stadium,https://www.premierleague.com/match/22369,3,2017-08-27,8,27,7,Lee Mason,67862,67.3,32.7,5,3,28,13,765,474,588,272,9,16,19,36,10,7,0,0,1,6,0,0,9,9,4-2-3-1,4-4-1-1
2017/18,Bournemouth,Man City,1,2,Vitality Stadium,https://www.premierleague.com/match/22362,3,2017-08-26,8,26,6,Mike Dean,10419,29.8,70.2,3,8,9,19,450,849,258,604,20,13,31,35,2,5,0,3,5,4,0,1,13,14,5-3-2,4-3-3
2017/18,Crystal Palace,Swansea,0,2,Selhurst Park,https://www.premierleague.com/match/22364,3,2017-08-26,8,26,6,Andre Marriner,23477,53.1,46.9,3,3,16,7,674,618,504,464,16,20,9,28,1,1,0,3,4,1,0,0,9,6,3-5-2,3-5-2
2017/18,Huddersfield,Southampton,0,0,John Smith's Stadium,https://www.premierleague.com/match/22365,3,2017-08-26,8,26,6,Stuart Attwell,23548,44.7,55.3,6,3,16,6,581,704,378,502,17,16,19,29,5,4,0,3,0,1,0,0,10,10,4-2-3-1,4-2-3-1
2017/18,Newcastle,West Ham,3,0,St. James' Park,https://www.premierleague.com/match/22368,3,2017-08-26,8,26,6,Neil Swarbrick,52093,37.5,62.5,8,3,17,8,457,661,271,473,14,17,21,22,7,5,0,2,1,3,0,0,17,11,4-2-3-1,4-2-3-1
2017/18,Watford,Brighton,0,0,Vicarage Road,https://www.premierleague.com/match/22370,3,2017-08-26,8,26,6,Graham Scott,20181,42.2,57.8,0,2,8,16,514,611,334,433,10,12,36,22,3,11,0,5,0,1,1,0,7,18,4-3-3,4-4-1-1
2017/18,Man Utd,Leicester,2,0,Old Trafford,https://www.premierleague.com/match/22367,3,2017-08-26,8,26,6,Michael Oliver,75021,69.1,30.9,7,4,22,11,863,493,662,300,9,22,17,41,9,3,2,3,1,2,0,0,8,7,4-2-3-1,4-4-1-1
2017/18,Man City,Everton,1,1,Etihad Stadium,https://www.premierleague.com/match/22357,2,2017-08-21,8,21,1,Robert Madley,54009,65.4,34.6,6,2,19,7,745,477,560,301,12,19,6,30,7,1,0,3,1,2,1,1,7,9,3-1-4-2,3-5-2
2017/18,Huddersfield,Newcastle,1,0,John Smith's Stadium,https://www.premierleague.com/match/22354,2,2017-08-20,8,20,7,Craig Pawson,24128,52.7,47.3,3,5,7,13,674,611,456,415,24,18,29,27,7,3,4,5,3,4,0,0,13,10,4-2-3-1,4-2-3-1
2017/18,Spurs,Chelsea,1,2,Wembley Stadium,https://www.premierleague.com/match/22360,2,2017-08-20,8,20,7,Anthony Taylor,73587,67.7,32.3,6,2,18,9,820,498,592,280,14,31,14,40,14,3,0,0,4,3,0,0,14,21,4-3-2-1,3-5-1-1
2017/18,Swansea,Man Utd,0,4,Liberty Stadium,https://www.premierleague.com/match/22359,2,2017-08-19,8,19,6,Jonathan Moss,20862,41.0,59.0,0,8,5,17,592,800,406,601,21,16,28,26,3,5,1,0,1,1,0,0,12,11,3-1-4-2,4-2-3-1
2017/18,Bournemouth,Watford,0,2,Vitality Stadium,https://www.premierleague.com/match/22352,2,2017-08-19,8,19,6,Roger East,10501,55.8,44.2,2,7,6,19,617,558,438,338,11,20,31,28,8,5,1,7,1,3,0,0,6,14,4-4-1-1,4-3-3
2017/18,Burnley,West Brom,0,1,Turf Moor,https://www.premierleague.com/match/22353,2,2017-08-19,8,19,6,Martin Atkinson,19619,67.8,32.2,0,1,20,8,665,405,471,228,9,9,33,36,5,5,1,3,1,0,0,1,11,11,4-4-1-1,4-1-4-1
2017/18,Leicester,Brighton,2,0,King Power Stadium,https://www.premierleague.com/match/22355,2,2017-08-19,8,19,6,Lee Probert,31902,45.2,54.8,4,2,14,5,593,688,427,526,11,11,16,20,6,2,1,2,1,0,0,0,8,10,4-4-1-1,4-4-1-1
2017/18,Liverpool,Crystal Palace,1,0,Anfield,https://www.premierleague.com/match/22356,2,2017-08-19,8,19,6,Kevin Friend,53138,72.4,27.6,13,1,23,4,908,483,712,273,24,21,11,26,4,2,2,4,1,3,0,0,12,13,4-3-3,3-5-2
2017/18,Southampton,West Ham,3,2,St. Mary's Stadium,https://www.premierleague.com/match/22659,2,2017-08-19,8,19,6,Lee Mason,31424,66.1,33.9,5,8,14,16,725,455,569,287,10,12,19,38,7,2,1,0,1,1,0,1,18,10,4-2-3-1,4-2-3-1
2017/18,Stoke,Arsenal,1,0,bet365 Stadium,https://www.premierleague.com/match/22358,2,2017-08-19,8,19,6,Andre Marriner,29459,22.9,77.1,4,6,11,18,395,908,213,731,19,15,35,9,2,9,0,0,4,3,0,0,6,11,3-4-2-1,3-4-2-1
2017/18,Newcastle,Spurs,0,2,St. James' Park,https://www.premierleague.com/match/22348,1,2017-08-13,8,13,7,Andre Marriner,52077,26.9,73.1,2,6,6,18,430,892,245,702,12,16,29,22,5,7,2,1,1,2,1,0,6,10,4-2-3-1,4-2-3-1
2017/18,Man Utd,West Ham,4,0,Old Trafford,https://www.premierleague.com/match/22347,1,2017-08-13,8,13,7,Martin Atkinson,74928,55.4,44.6,5,1,21,9,693,584,493,397,14,21,19,26,11,1,1,4,2,2,0,0,19,7,4-2-3-1,4-2-3-1
2017/18,Watford,Liverpool,3,3,Vicarage Road,https://www.premierleague.com/match/22350,1,2017-08-12,8,12,6,Anthony Taylor,20407,45.6,54.4,4,5,9,14,595,682,395,477,19,20,28,22,3,3,3,1,0,3,0,0,14,8,4-3-3,4-3-3
2017/18,Chelsea,Burnley,2,3,Stamford Bridge,https://www.premierleague.com/match/22344,1,2017-08-12,8,12,6,Craig Pawson,41616,61.9,38.1,6,5,19,10,692,485,521,320,10,8,22,42,8,5,2,1,3,3,2,0,16,11,3-4-2-1,4-4-1-1
2017/18,Crystal Palace,Huddersfield,0,3,Selhurst Park,https://www.premierleague.com/match/22345,1,2017-08-12,8,12,6,Jonathan Moss,25448,56.7,43.3,4,6,14,9,632,500,391,306,24,28,18,29,12,9,0,2,1,3,0,0,7,19,3-4-2-1,4-2-3-1
2017/18,Everton,Stoke,1,0,Goodison Park,https://www.premierleague.com/match/22346,1,2017-08-12,8,12,6,Neil Swarbrick,39045,61.6,38.4,4,1,9,9,702,521,497,292,17,18,43,24,6,7,2,6,1,1,0,0,13,10,3-4-2-1,3-4-2-1
2017/18,Southampton,Swansea,0,0,St. Mary's Stadium,https://www.premierleague.com/match/22349,1,2017-08-12,8,12,6,Mike Jones,31447,59.6,40.4,2,0,29,4,707,532,518,365,12,11,11,38,13,0,0,1,2,1,0,0,10,13,4-2-3-1,4-3-1-2
2017/18,West Brom,Bournemouth,1,0,The Hawthorns,https://www.premierleague.com/match/22351,1,2017-08-12,8,12,6,Robert Madley,25011,28.7,71.3,6,2,16,9,419,775,242,612,19,16,26,17,8,2,2,0,3,1,0,0,15,3,4-1-4-1,4-4-1-1
2017/18,Brighton,Man City,0,2,Amex Stadium,https://www.premierleague.com/match/22343,1,2017-08-12,8,12,6,Michael Oliver,30415,21.8,78.2,2,4,6,14,375,918,213,768,10,10,39,8,3,10,6,1,0,2,0,0,6,9,4-4-2,3-1-4-2
2017/18,Arsenal,Leicester,4,3,Emirates Stadium,https://www.premierleague.com/match/22342,1,2017-08-11,8,11,5,Mike Dean,59387,70.0,30.0,10,3,27,6,859,459,632,263,23,17,30,24,9,4,5,3,0,1,0,0,9,12,3-4-2-1,4-4-1-1
